"2023-05-20 23:27:08",25.88,"mph","media/images/speed-20230520-2319/speed-26-20230520-2327084.jpg",143,9,48,17,816,"L2R",",None,"
"2023-05-20 23:38:51",35.20,"mph","media/images/speed-20230520-2319/speed-35-20230520-2338514.jpg",142,9,42,17,714,"R2L",",None,"
"2023-05-20 23:40:33",38.26,"mph","media/images/speed-20230520-2319/speed-38-20230520-2340333.jpg",151,10,33,17,561,"L2R",",None,"
"2023-05-20 23:40:37",32.43,"mph","media/images/speed-20230520-2319/speed-32-20230520-2340371.jpg",150,10,35,17,595,"L2R",",None,"
"2023-05-20 23:56:14",21.13,"mph","media/images/speed-20230520-2319/speed-21-20230520-2356149.jpg",75,9,53,19,1007,"L2R",",None,"
"2023-05-20 23:56:16",21.71,"mph","media/images/speed-20230520-2319/speed-22-20230520-2356160.jpg",198,5,47,19,893,"L2R",",None,"
"2023-05-21 02:59:54",23.64,"mph","media/images/speed-20230520-2319/speed-24-20230521-0259540.jpg",85,16,25,12,300,"R2L",",None,"
"2023-05-21 16:46:06",33.62,"mph","media/images/speed-20230520-2319/speed-34-20230521-1646065.jpg",142,9,45,19,855,"R2L",",None,"
"2023-05-21 16:47:47",35.70,"mph","media/images/speed-20230520-2319/speed-36-20230521-1647471.jpg",61,14,30,19,570,"L2R",",None,"
"2023-05-21 17:00:04",11.53,"mph","media/images/speed-20230520-2319/speed-12-20230521-1700049.jpg",63,5,26,27,702,"L2R",",None,"
"2023-05-21 17:00:06",14.32,"mph","media/images/speed-20230520-2319/speed-14-20230521-1700065.jpg",181,4,22,22,484,"L2R",",None,"
"2023-05-21 17:10:30",31.00,"mph","media/images/speed-20230520-2319/speed-31-20230521-1710306.jpg",102,14,29,18,522,"L2R",",None,"
"2023-05-21 17:12:24",24.07,"mph","media/images/speed-20230520-2319/speed-24-20230521-1712244.jpg",205,7,22,21,462,"R2L",",None,"
"2023-05-21 17:12:25",25.43,"mph","media/images/speed-20230520-2319/speed-25-20230521-1712255.jpg",52,15,28,20,560,"R2L",",None,"
"2023-05-21 17:12:59",29.59,"mph","media/images/speed-20230520-2319/speed-30-20230521-1712599.jpg",141,9,30,20,600,"R2L",",None,"
"2023-05-21 17:13:41",26.25,"mph","media/images/speed-20230520-2319/speed-26-20230521-1713412.jpg",29,10,27,23,621,"R2L",",None,"
"2023-05-21 17:24:05",28.08,"mph","media/images/speed-20230520-2319/speed-28-20230521-1724056.jpg",83,5,49,28,1372,"R2L",",None,"
"2023-05-21 17:27:07",34.12,"mph","media/images/speed-20230520-2319/speed-34-20230521-1727072.jpg",94,10,37,19,703,"L2R",",None,"
"2023-05-21 17:27:38",34.79,"mph","media/images/speed-20230520-2319/speed-35-20230521-1727386.jpg",102,3,32,29,928,"L2R",",None,"
"2023-05-21 17:30:34",38.78,"mph","media/images/speed-20230520-2319/speed-39-20230521-1730344.jpg",149,12,31,18,558,"L2R",",None,"
"2023-05-21 17:32:20",25.00,"mph","media/images/speed-20230520-2319/speed-25-20230521-1732205.jpg",182,7,22,21,462,"R2L",",None,"
"2023-05-21 17:33:17",24.68,"mph","media/images/speed-20230520-2319/speed-25-20230521-1733172.jpg",98,13,33,17,561,"R2L",",None,"
"2023-05-21 17:33:33",35.25,"mph","media/images/speed-20230520-2319/speed-35-20230521-1733330.jpg",105,9,29,21,609,"L2R",",None,"
"2023-05-21 17:33:52",40.84,"mph","media/images/speed-20230520-2319/speed-41-20230521-1733524.jpg",83,11,50,21,1050,"R2L",",None,"
"2023-05-21 17:38:05",53.72,"mph","media/images/speed-20230520-2319/speed-54-20230521-1738053.jpg",172,9,63,20,1260,"L2R",",None,"
"2023-05-21 17:38:14",39.48,"mph","media/images/speed-20230520-2319/speed-39-20230521-1738149.jpg",82,12,51,21,1071,"L2R",",None,"
"2023-05-21 17:48:08",36.36,"mph","media/images/speed-20230520-2319/speed-36-20230521-1748083.jpg",84,9,29,21,609,"L2R",",None,"
"2023-05-21 17:56:31",28.81,"mph","media/images/speed-20230520-2319/speed-29-20230521-1756312.jpg",151,6,33,26,858,"R2L",",None,"
"2023-05-21 17:57:38",35.20,"mph","media/images/speed-20230520-2319/speed-35-20230521-1757383.jpg",108,9,23,22,506,"L2R",",None,"
"2023-05-21 18:02:12",34.03,"mph","media/images/speed-20230520-2319/speed-34-20230521-1802122.jpg",145,8,54,23,1242,"R2L",",None,"
"2023-05-21 18:07:43",33.06,"mph","media/images/speed-20230520-2319/speed-33-20230521-1807439.jpg",144,11,37,19,703,"L2R",",None,"
"2023-05-21 18:12:10",33.48,"mph","media/images/speed-20230520-2319/speed-33-20230521-1812105.jpg",76,3,59,30,1770,"R2L",",None,"
"2023-05-21 18:24:29",36.46,"mph","media/images/speed-20230520-2319/speed-36-20230521-1824291.jpg",105,13,27,17,459,"L2R",",None,"
"2023-05-21 18:25:19",16.15,"mph","media/images/speed-20230520-2319/speed-16-20230521-1825192.jpg",164,11,22,19,418,"L2R",",None,"
"2023-05-21 18:26:18",27.58,"mph","media/images/speed-20230520-2319/speed-28-20230521-1826180.jpg",191,12,21,17,357,"R2L",",None,"
"2023-05-21 18:27:24",26.15,"mph","media/images/speed-20230520-2319/speed-26-20230521-1827245.jpg",153,11,56,20,1120,"L2R",",None,"
"2023-05-21 18:28:38",22.98,"mph","media/images/speed-20230520-2319/speed-23-20230521-1828382.jpg",202,6,22,23,506,"R2L",",None,"
"2023-05-21 18:29:04",35.34,"mph","media/images/speed-20230520-2319/speed-35-20230521-1829046.jpg",100,11,32,22,704,"L2R",",None,"
"2023-05-21 18:36:29",29.35,"mph","media/images/speed-20230520-2319/speed-29-20230521-1836299.jpg",109,4,22,23,506,"L2R",",None,"
"2023-05-21 18:38:32",50.43,"mph","media/images/speed-20230520-2319/speed-50-20230521-1838321.jpg",138,12,24,17,408,"R2L",",None,"
"2023-05-21 18:49:00",29.43,"mph","media/images/speed-20230520-2319/speed-29-20230521-1849007.jpg",85,23,35,23,805,"L2R",",None,"
"2023-05-21 18:50:46",27.09,"mph","media/images/speed-20230520-2319/speed-27-20230521-1850469.jpg",74,29,29,17,493,"L2R",",None,"
"2023-05-21 18:52:58",31.23,"mph","media/images/speed-20230520-2319/speed-31-20230521-1852587.jpg",30,28,34,22,748,"R2L",",None,"
"2023-05-21 18:56:11",29.32,"mph","media/images/speed-20230520-2319/speed-29-20230521-1856115.jpg",63,24,31,23,713,"R2L",",1733 Parsonage Rd,"
"2023-05-21 19:02:55",31.39,"mph","media/images/speed-20230520-2319/speed-31-20230521-1902557.jpg",94,24,29,21,609,"L2R",",1733 Parsonage Rd,"
"2023-05-21 19:04:53",14.64,"mph","media/images/speed-20230520-2319/speed-15-20230521-1904530.jpg",81,30,29,20,580,"R2L",",1733 Parsonage Rd,"
"2023-05-21 19:07:15",24.97,"mph","media/images/speed-20230520-2319/speed-25-20230521-1907152.jpg",42,27,42,22,924,"R2L",",1733 Parsonage Rd,"
"2023-05-21 19:09:10",38.81,"mph","media/images/speed-20230520-2319/speed-39-20230521-1909104.jpg",101,25,27,19,513,"L2R",",1733 Parsonage Rd,"
"2023-05-21 19:11:08",21.02,"mph","media/images/speed-20230520-2319/speed-21-20230521-1911082.jpg",62,28,35,19,665,"R2L",",1733 Parsonage Rd,"
"2023-05-21 19:17:25",18.83,"mph","media/images/speed-20230520-2319/speed-19-20230521-1917254.jpg",64,31,27,19,513,"R2L",",1733 Parsonage Rd,"
"2023-05-21 19:18:36",14.93,"mph","media/images/speed-20230520-2319/speed-15-20230521-1918363.jpg",49,32,24,18,432,"L2R",",1733 Parsonage Rd,"
"2023-05-21 19:19:51",12.76,"mph","media/images/speed-20230520-2319/speed-13-20230521-1919514.jpg",80,28,24,22,528,"R2L",",1733 Parsonage Rd,"
"2023-05-21 19:20:18",11.70,"mph","media/images/speed-20230520-2319/speed-12-20230521-1920188.jpg",82,29,27,21,567,"L2R",",1733 Parsonage Rd,"
"2023-05-21 19:20:37",15.75,"mph","media/images/speed-20230520-2319/speed-16-20230521-1920377.jpg",73,28,23,22,506,"R2L",",1733 Parsonage Rd,"
"2023-05-21 19:20:52",14.15,"mph","media/images/speed-20230520-2319/speed-14-20230521-1920522.jpg",91,29,29,21,609,"L2R",",1733 Parsonage Rd,"
"2023-05-21 19:21:09",12.42,"mph","media/images/speed-20230520-2319/speed-12-20230521-1921091.jpg",71,31,28,19,532,"R2L",",1733 Parsonage Rd,"
"2023-05-21 19:21:44",13.07,"mph","media/images/speed-20230520-2319/speed-13-20230521-1921445.jpg",83,27,22,23,506,"R2L",",1733 Parsonage Rd,"
"2023-05-21 19:21:59",13.50,"mph","media/images/speed-20230520-2319/speed-14-20230521-1921591.jpg",90,27,18,23,414,"L2R",",1733 Parsonage Rd,"
"2023-05-21 19:23:03",33.66,"mph","media/images/speed-20230520-2319/speed-34-20230521-1923034.jpg",98,26,30,18,540,"L2R",",1733 Parsonage Rd,"
"2023-05-21 19:28:35",32.79,"mph","media/images/speed-20230520-2319/speed-33-20230521-1928354.jpg",94,29,31,18,558,"L2R",",1733 Parsonage Rd,"
"2023-05-21 19:34:28",37.50,"mph","media/images/speed-20230520-2319/speed-37-20230521-1934281.jpg",21,31,31,19,589,"R2L",",1733 Parsonage Rd,"
"2023-05-21 19:37:10",33.68,"mph","media/images/speed-20230520-2319/speed-34-20230521-1937104.jpg",98,26,29,20,580,"L2R",",1733 Parsonage Rd,"
"2023-05-21 19:37:28",26.67,"mph","media/images/speed-20230520-2319/speed-27-20230521-1937286.jpg",34,29,28,18,504,"R2L",",1733 Parsonage Rd,"
"2023-05-21 19:38:32",33.73,"mph","media/images/speed-20230520-2319/speed-34-20230521-1938323.jpg",35,31,26,19,494,"R2L",",1733 Parsonage Rd,"
"2023-05-21 19:45:59",28.48,"mph","media/images/speed-20230520-2319/speed-28-20230521-1945592.jpg",81,30,22,17,374,"L2R",",1733 Parsonage Rd,"
"2023-05-21 19:47:46",28.50,"mph","media/images/speed-20230520-2319/speed-28-20230521-1947464.jpg",80,25,18,21,378,"L2R",",1733 Parsonage Rd,"
"2023-05-21 19:50:51",28.44,"mph","media/images/speed-20230520-2319/speed-28-20230521-1950510.jpg",37,30,28,20,560,"R2L",",1733 Parsonage Rd,"
"2023-05-21 20:00:29",23.74,"mph","media/images/speed-20230520-2319/speed-24-20230521-2000299.jpg",48,25,25,25,625,"L2R",",1733 Parsonage Rd,"
"2023-05-21 20:07:42",27.00,"mph","media/images/speed-20230520-2319/speed-27-20230521-2007427.jpg",49,26,31,22,682,"R2L",",1733 Parsonage Rd,"
"2023-05-21 20:17:48",26.43,"mph","media/images/speed-20230520-2319/speed-26-20230521-2017488.jpg",41,30,62,18,1116,"R2L",",1733 Parsonage Rd,"
"2023-05-21 20:19:55",33.67,"mph","media/images/speed-20230520-2319/speed-34-20230521-2019551.jpg",92,27,24,18,432,"L2R",",1733 Parsonage Rd,"
"2023-05-21 20:20:56",31.85,"mph","media/images/speed-20230520-2319/speed-32-20230521-2020569.jpg",38,30,32,20,640,"R2L",",1733 Parsonage Rd,"
"2023-05-21 20:24:08",38.54,"mph","media/images/speed-20230520-2319/speed-39-20230521-2024089.jpg",59,27,26,22,572,"L2R",",1733 Parsonage Rd,"
"2023-05-21 20:34:10",35.00,"mph","media/images/speed-20230520-2319/speed-35-20230521-2034104.jpg",24,31,27,19,513,"R2L",",1733 Parsonage Rd,"
"2023-05-21 21:03:18",20.44,"mph","media/images/speed-20230520-2319/speed-20-20230521-2103181.jpg",53,27,31,19,589,"R2L",",1733 Parsonage Rd,"
"2023-05-21 21:11:24",31.68,"mph","media/images/speed-20230520-2319/speed-32-20230521-2111249.jpg",75,32,27,16,432,"R2L",",1733 Parsonage Rd,"
"2023-05-21 21:11:28",31.89,"mph","media/images/speed-20230520-2319/speed-32-20230521-2111280.jpg",59,27,25,20,500,"R2L",",1733 Parsonage Rd,"
"2023-05-21 21:26:47",35.19,"mph","media/images/speed-20230520-2319/speed-35-20230521-2126476.jpg",97,27,22,19,418,"L2R",",1733 Parsonage Rd,"
"2023-05-21 21:36:07",23.87,"mph","media/images/speed-20230520-2319/speed-24-20230521-2136079.jpg",32,34,33,11,363,"R2L",",1733 Parsonage Rd,"
"2023-05-21 21:36:52",29.38,"mph","media/images/speed-20230520-2319/speed-29-20230521-2136527.jpg",38,29,23,21,483,"R2L",",1733 Parsonage Rd,"
"2023-05-21 21:41:28",33.65,"mph","media/images/speed-20230520-2319/speed-34-20230521-2141281.jpg",24,28,36,22,792,"R2L",",1733 Parsonage Rd,"
"2023-05-21 22:10:06",33.22,"mph","media/images/speed-20230520-2319/speed-33-20230521-2210060.jpg",40,26,41,21,861,"L2R",",1733 Parsonage Rd,"
"2023-05-21 22:18:21",32.18,"mph","media/images/speed-20230520-2319/speed-32-20230521-2218219.jpg",31,27,36,22,792,"R2L",",1733 Parsonage Rd,"
"2023-05-21 22:20:22",34.14,"mph","media/images/speed-20230520-2319/speed-34-20230521-2220221.jpg",24,29,33,21,693,"R2L",",1733 Parsonage Rd,"
"2023-05-21 22:23:35",25.84,"mph","media/images/speed-20230520-2319/speed-26-20230521-2223356.jpg",83,28,34,17,578,"L2R",",1733 Parsonage Rd,"
"2023-05-21 22:24:48",23.90,"mph","media/images/speed-20230520-2319/speed-24-20230521-2224480.jpg",34,26,34,22,748,"R2L",",1733 Parsonage Rd,"
"2023-05-21 22:25:55",32.06,"mph","media/images/speed-20230520-2319/speed-32-20230521-2225556.jpg",35,31,27,17,459,"R2L",",1733 Parsonage Rd,"
"2023-05-21 22:36:35",21.95,"mph","media/images/speed-20230520-2319/speed-22-20230521-2236354.jpg",50,29,35,19,665,"R2L",",1733 Parsonage Rd,"
"2023-05-21 22:36:44",23.04,"mph","media/images/speed-20230520-2319/speed-23-20230521-2236449.jpg",30,25,45,22,990,"L2R",",1733 Parsonage Rd,"
"2023-05-21 22:52:39",33.65,"mph","media/images/speed-20230520-2319/speed-34-20230521-2252395.jpg",20,34,28,16,448,"R2L",",1733 Parsonage Rd,"
"2023-05-21 22:54:51",41.43,"mph","media/images/speed-20230520-2319/speed-41-20230521-2254511.jpg",76,27,31,18,558,"L2R",",1733 Parsonage Rd,"
"2023-05-21 23:10:38",26.11,"mph","media/images/speed-20230520-2319/speed-26-20230521-2310387.jpg",79,25,32,20,640,"L2R",",1733 Parsonage Rd,"
"2023-05-21 23:15:23",28.79,"mph","media/images/speed-20230520-2319/speed-29-20230521-2315238.jpg",40,22,40,24,960,"L2R",",1733 Parsonage Rd,"
"2023-05-21 23:18:24",32.24,"mph","media/images/speed-20230520-2319/speed-32-20230521-2318242.jpg",90,26,26,20,520,"L2R",",1733 Parsonage Rd,"
"2023-05-21 23:57:00",26.09,"mph","media/images/speed-20230520-2319/speed-26-20230521-2357005.jpg",45,25,32,21,672,"R2L",",1733 Parsonage Rd,"
"2023-05-22 00:26:12",34.19,"mph","media/images/speed-20230520-2319/speed-34-20230522-0026126.jpg",29,28,33,21,693,"R2L",",1733 Parsonage Rd,"
"2023-05-22 00:34:46",33.96,"mph","media/images/speed-20230520-2319/speed-34-20230522-0034462.jpg",48,25,22,21,462,"L2R",",1733 Parsonage Rd,"
"2023-05-22 00:46:22",29.02,"mph","media/images/speed-20230520-2319/speed-29-20230522-0046228.jpg",40,25,31,20,620,"R2L",",1733 Parsonage Rd,"
"2023-05-22 00:48:00",25.69,"mph","media/images/speed-20230520-2319/speed-26-20230522-0048008.jpg",50,27,26,19,494,"R2L",",1733 Parsonage Rd,"
"2023-05-22 00:48:02",28.48,"mph","media/images/speed-20230520-2319/speed-28-20230522-0048026.jpg",47,30,29,17,493,"R2L",",1733 Parsonage Rd,"
"2023-05-22 00:48:05",28.00,"mph","media/images/speed-20230520-2319/speed-28-20230522-0048053.jpg",47,28,24,17,408,"R2L",",1733 Parsonage Rd,"
"2023-05-22 00:53:13",25.66,"mph","media/images/speed-20230520-2319/speed-26-20230522-0053139.jpg",48,24,27,19,513,"R2L",",1733 Parsonage Rd,"
"2023-05-22 01:09:14",30.78,"mph","media/images/speed-20230520-2319/speed-31-20230522-0109149.jpg",36,27,32,20,640,"R2L",",1733 Parsonage Rd,"
"2023-05-22 01:12:27",33.22,"mph","media/images/speed-20230520-2319/speed-33-20230522-0112279.jpg",27,28,29,18,522,"R2L",",1733 Parsonage Rd,"
"2023-05-22 01:19:46",20.55,"mph","media/images/speed-20230520-2319/speed-21-20230522-0119462.jpg",71,23,46,19,874,"L2R",",1733 Parsonage Rd,"
"2023-05-22 18:32:41",28.42,"mph","media/images/speed-20230520-2319/speed-28-20230522-1832418.jpg",43,21,29,20,580,"R2L",",1733 Parsonage Rd,"
"2023-05-22 18:33:40",30.36,"mph","media/images/speed-20230520-2319/speed-30-20230522-1833409.jpg",38,22,27,18,486,"R2L",",1733 Parsonage Rd,"
"2023-05-22 18:49:09",23.35,"mph","media/images/speed-20230520-2319/speed-23-20230522-1849096.jpg",50,18,32,22,704,"R2L",",1733 Parsonage Rd,"
"2023-05-22 18:51:12",36.46,"mph","media/images/speed-20230520-2319/speed-36-20230522-1851124.jpg",101,22,29,15,435,"L2R",",1733 Parsonage Rd,"
"2023-05-22 19:59:53",27.07,"mph","media/images/speed-20230520-2319/speed-27-20230522-1959532.jpg",47,22,29,18,522,"R2L",",1733 Parsonage Rd,"
"2023-05-22 20:20:28",36.58,"mph","media/images/speed-20230520-2319/speed-37-20230522-2020280.jpg",35,22,26,19,494,"R2L",",1733 Parsonage Rd,"
"2023-05-22 20:23:35",23.35,"mph","media/images/speed-20230520-2319/speed-23-20230522-2023355.jpg",23,26,25,14,350,"R2L",",1733 Parsonage Rd,"
"2023-05-22 20:26:57",22.41,"mph","media/images/speed-20230520-2319/speed-22-20230522-2026574.jpg",84,17,46,22,1012,"L2R",",1733 Parsonage Rd,"
"2023-05-23 06:54:09",33.20,"mph","media/images/speed-20230520-2319/speed-33-20230523-0654092.jpg",66,18,23,18,414,"L2R",",1733 Parsonage Rd,"
"2023-05-23 06:56:23",25.89,"mph","media/images/speed-20230520-2319/speed-26-20230523-0656238.jpg",51,18,27,18,486,"L2R",",1733 Parsonage Rd,"
"2023-05-23 06:56:50",41.42,"mph","media/images/speed-20230520-2319/speed-41-20230523-0656509.jpg",55,0,53,50,2650,"R2L",",1733 Parsonage Rd,"
"2023-05-23 06:56:56",40.30,"mph","media/images/speed-20230520-2319/speed-40-20230523-0656560.jpg",54,0,53,50,2650,"L2R",",1733 Parsonage Rd,"
"2023-05-23 07:02:57",26.57,"mph","media/images/speed-20230520-2319/speed-27-20230523-0702576.jpg",71,30,27,20,540,"R2L",",1733 Parsonage Rd,"
"2023-05-23 07:03:02",28.98,"mph","media/images/speed-20230520-2319/speed-29-20230523-0703021.jpg",37,22,34,28,952,"R2L",",1733 Parsonage Rd,"
"2023-05-23 07:08:37",42.93,"mph","media/images/speed-20230520-2319/speed-43-20230523-0708378.jpg",73,31,29,19,551,"L2R",",1733 Parsonage Rd,"
"2023-05-23 07:19:33",40.44,"mph","media/images/speed-20230520-2319/speed-40-20230523-0719331.jpg",71,31,25,19,475,"L2R",",1733 Parsonage Rd,"
"2023-05-23 07:34:26",29.08,"mph","media/images/speed-20230520-2319/speed-29-20230523-0734267.jpg",72,32,21,18,378,"R2L",",1733 Parsonage Rd,"
"2023-05-23 07:54:46",28.02,"mph","media/images/speed-20230520-2319/speed-28-20230523-0754462.jpg",79,25,29,25,725,"L2R",",1733 Parsonage Rd,"
"2023-05-23 08:16:11",20.59,"mph","media/images/speed-20230520-2319/speed-21-20230523-0816117.jpg",69,17,29,33,957,"R2L",",1733 Parsonage Rd,"
"2023-05-23 08:16:13",20.53,"mph","media/images/speed-20230520-2319/speed-21-20230523-0816133.jpg",26,20,12,30,360,"R2L",",1733 Parsonage Rd,"
"2023-05-23 08:21:50",15.91,"mph","media/images/speed-20230520-2319/speed-16-20230523-0821507.jpg",50,28,29,22,638,"L2R",",1733 Parsonage Rd,"
"2023-05-23 08:25:26",31.25,"mph","media/images/speed-20230520-2319/speed-31-20230523-0825261.jpg",99,32,28,18,504,"L2R",",1733 Parsonage Rd,"
"2023-05-23 08:31:28",32.60,"mph","media/images/speed-20230520-2319/speed-33-20230523-0831288.jpg",66,20,42,30,1260,"L2R",",1733 Parsonage Rd,"
"2023-05-23 08:34:01",36.42,"mph","media/images/speed-20230520-2319/speed-36-20230523-0834018.jpg",73,31,32,19,608,"L2R",",1733 Parsonage Rd,"
"2023-05-23 08:53:48",39.76,"mph","media/images/speed-20230520-2319/speed-40-20230523-0853485.jpg",112,32,23,18,414,"L2R",",1733 Parsonage Rd,"
"2023-05-23 08:56:00",39.85,"mph","media/images/speed-20230520-2319/speed-40-20230523-0856009.jpg",63,29,29,21,609,"L2R",",1733 Parsonage Rd,"
"2023-05-23 08:58:26",31.93,"mph","media/images/speed-20230520-2319/speed-32-20230523-0858267.jpg",87,33,24,17,408,"L2R",",1733 Parsonage Rd,"
"2023-05-23 09:03:01",28.56,"mph","media/images/speed-20230520-2319/speed-29-20230523-0903016.jpg",48,26,39,24,936,"L2R",",1733 Parsonage Rd,"
"2023-05-23 09:06:29",27.97,"mph","media/images/speed-20230520-2319/speed-28-20230523-0906290.jpg",39,32,32,18,576,"R2L",",1733 Parsonage Rd,"
"2023-05-23 09:07:41",32.76,"mph","media/images/speed-20230520-2319/speed-33-20230523-0907410.jpg",68,29,28,21,588,"L2R",",1733 Parsonage Rd,"
"2023-05-23 09:09:41",29.61,"mph","media/images/speed-20230520-2319/speed-30-20230523-0909414.jpg",72,35,31,15,465,"R2L",",1733 Parsonage Rd,"
"2023-05-23 09:22:45",31.40,"mph","media/images/speed-20230520-2319/speed-31-20230523-0922457.jpg",63,33,23,17,391,"L2R",",1733 Parsonage Rd,"
"2023-05-23 09:23:03",26.52,"mph","media/images/speed-20230520-2319/speed-27-20230523-0923038.jpg",56,31,25,19,475,"L2R",",1733 Parsonage Rd,"
"2023-05-23 09:47:05",25.82,"mph","media/images/speed-20230520-2319/speed-26-20230523-0947052.jpg",50,33,31,17,527,"R2L",",1733 Parsonage Rd,"
"2023-05-23 09:50:34",38.74,"mph","media/images/speed-20230520-2319/speed-39-20230523-0950342.jpg",59,30,27,20,540,"L2R",",1733 Parsonage Rd,"
"2023-05-23 09:55:26",26.59,"mph","media/images/speed-20230520-2319/speed-27-20230523-0955264.jpg",48,29,26,21,546,"R2L",",1733 Parsonage Rd,"
"2023-05-23 10:00:37",33.15,"mph","media/images/speed-20230520-2319/speed-33-20230523-1000377.jpg",91,36,35,14,490,"L2R",",1733 Parsonage Rd,"
"2023-05-23 10:00:47",32.25,"mph","media/images/speed-20230520-2319/speed-32-20230523-1000472.jpg",29,28,50,22,1100,"R2L",",1733 Parsonage Rd,"
"2023-05-23 10:07:28",28.93,"mph","media/images/speed-20230520-2319/speed-29-20230523-1007289.jpg",55,30,27,20,540,"L2R",",1733 Parsonage Rd,"
"2023-05-23 10:11:19",29.88,"mph","media/images/speed-20230520-2319/speed-30-20230523-1011194.jpg",38,33,33,17,561,"R2L",",1733 Parsonage Rd,"
"2023-05-23 10:13:06",30.23,"mph","media/images/speed-20230520-2319/speed-30-20230523-1013068.jpg",64,31,27,19,513,"L2R",",1733 Parsonage Rd,"
"2023-05-23 10:13:56",36.52,"mph","media/images/speed-20230520-2319/speed-37-20230523-1013568.jpg",75,35,28,15,420,"L2R",",1733 Parsonage Rd,"
"2023-05-23 10:14:32",30.88,"mph","media/images/speed-20230520-2319/speed-31-20230523-1014329.jpg",28,30,36,20,720,"R2L",",1733 Parsonage Rd,"
"2023-05-23 10:16:27",33.20,"mph","media/images/speed-20230520-2319/speed-33-20230523-1016270.jpg",98,27,35,23,805,"R2L",",1733 Parsonage Rd,"
"2023-05-23 10:16:28",30.28,"mph","media/images/speed-20230520-2319/speed-30-20230523-1016283.jpg",60,31,25,19,475,"R2L",",1733 Parsonage Rd,"
"2023-05-23 10:20:24",31.26,"mph","media/images/speed-20230520-2319/speed-31-20230523-1020240.jpg",65,31,21,19,399,"R2L",",1733 Parsonage Rd,"
"2023-05-23 10:27:25",22.07,"mph","media/images/speed-20230520-2319/speed-22-20230523-1027258.jpg",65,16,42,34,1428,"L2R",",1733 Parsonage Rd,"
"2023-05-23 10:32:22",33.07,"mph","media/images/speed-20230520-2319/speed-33-20230523-1032225.jpg",74,34,29,16,464,"L2R",",1733 Parsonage Rd,"
"2023-05-23 10:39:18",28.75,"mph","media/images/speed-20230520-2319/speed-29-20230523-1039180.jpg",62,26,34,24,816,"L2R",",1733 Parsonage Rd,"
"2023-05-23 10:40:30",36.60,"mph","media/images/speed-20230520-2319/speed-37-20230523-1040300.jpg",55,20,31,30,930,"R2L",",1733 Parsonage Rd,"
"2023-05-23 10:42:59",37.73,"mph","media/images/speed-20230520-2319/speed-38-20230523-1042599.jpg",49,33,26,17,442,"L2R",",1733 Parsonage Rd,"
"2023-05-23 10:44:05",28.32,"mph","media/images/speed-20230520-2319/speed-28-20230523-1044057.jpg",79,16,18,31,558,"L2R",",1733 Parsonage Rd,"
"2023-05-23 10:54:34",23.32,"mph","media/images/speed-20230520-2319/speed-23-20230523-1054348.jpg",73,34,37,16,592,"L2R",",1733 Parsonage Rd,"
"2023-05-23 10:55:16",25.66,"mph","media/images/speed-20230520-2319/speed-26-20230523-1055165.jpg",46,32,33,18,594,"R2L",",1733 Parsonage Rd,"
"2023-05-23 11:02:11",29.50,"mph","media/images/speed-20230520-2319/speed-29-20230523-1102118.jpg",55,30,30,20,600,"L2R",",1733 Parsonage Rd,"
"2023-05-23 11:05:23",26.66,"mph","media/images/speed-20230520-2319/speed-27-20230523-1105239.jpg",73,30,31,20,620,"L2R",",1733 Parsonage Rd,"
"2023-05-23 11:07:04",20.14,"mph","media/images/speed-20230520-2319/speed-20-20230523-1107043.jpg",62,23,30,27,810,"R2L",",1733 Parsonage Rd,"
"2023-05-23 11:08:55",27.13,"mph","media/images/speed-20230520-2319/speed-27-20230523-1108552.jpg",17,26,56,24,1344,"R2L",",1733 Parsonage Rd,"
"2023-05-23 11:11:40",24.27,"mph","media/images/speed-20230520-2319/speed-24-20230523-1111400.jpg",69,24,63,26,1638,"L2R",",1733 Parsonage Rd,"
"2023-05-23 11:14:55",30.36,"mph","media/images/speed-20230520-2319/speed-30-20230523-1114559.jpg",85,17,46,33,1518,"L2R",",1733 Parsonage Rd,"
"2023-05-23 11:19:47",23.53,"mph","media/images/speed-20230520-2319/speed-24-20230523-1119475.jpg",40,33,26,17,442,"L2R",",1733 Parsonage Rd,"
"2023-05-23 11:21:48",47.45,"mph","media/images/speed-20230520-2319/speed-47-20230523-1121488.jpg",73,29,29,21,609,"L2R",",1733 Parsonage Rd,"
"2023-05-23 11:22:25",29.04,"mph","media/images/speed-20230520-2319/speed-29-20230523-1122252.jpg",41,31,33,19,627,"R2L",",1733 Parsonage Rd,"
"2023-05-23 11:24:30",41.26,"mph","media/images/speed-20230520-2319/speed-41-20230523-1124308.jpg",57,29,72,21,1512,"L2R",",1733 Parsonage Rd,"
"2023-05-23 11:26:08",26.72,"mph","media/images/speed-20230520-2319/speed-27-20230523-1126081.jpg",65,31,22,19,418,"R2L",",1733 Parsonage Rd,"
"2023-05-23 11:28:25",22.13,"mph","media/images/speed-20230520-2319/speed-22-20230523-1128258.jpg",81,34,27,16,432,"L2R",",1733 Parsonage Rd,"
"2023-05-23 11:31:01",20.96,"mph","media/images/speed-20230520-2319/speed-21-20230523-1131016.jpg",61,34,28,16,448,"R2L",",1733 Parsonage Rd,"
"2023-05-23 11:31:20",23.24,"mph","media/images/speed-20230520-2319/speed-23-20230523-1131205.jpg",70,30,33,20,660,"L2R",",1733 Parsonage Rd,"
"2023-05-23 11:35:44",29.44,"mph","media/images/speed-20230520-2319/speed-29-20230523-1135445.jpg",41,30,33,20,660,"R2L",",1733 Parsonage Rd,"
"2023-05-23 11:43:06",29.43,"mph","media/images/speed-20230520-2319/speed-29-20230523-1143068.jpg",39,33,20,17,340,"R2L",",1733 Parsonage Rd,"
"2023-05-23 11:49:13",27.95,"mph","media/images/speed-20230520-2319/speed-28-20230523-1149139.jpg",28,31,57,19,1083,"R2L",",1733 Parsonage Rd,"
"2023-05-23 11:53:35",35.04,"mph","media/images/speed-20230520-2319/speed-35-20230523-1153354.jpg",25,29,32,21,672,"R2L",",1733 Parsonage Rd,"
"2023-05-23 11:58:40",32.25,"mph","media/images/speed-20230520-2319/speed-32-20230523-1158403.jpg",65,28,31,22,682,"L2R",",1733 Parsonage Rd,"
"2023-05-23 12:00:52",35.89,"mph","media/images/speed-20230520-2319/speed-36-20230523-1200526.jpg",16,23,35,27,945,"R2L",",1733 Parsonage Rd,"
"2023-05-23 12:02:52",33.72,"mph","media/images/speed-20230520-2319/speed-34-20230523-1202527.jpg",63,19,32,31,992,"L2R",",1733 Parsonage Rd,"
"2023-05-23 12:05:46",24.35,"mph","media/images/speed-20230520-2319/speed-24-20230523-1205463.jpg",58,33,28,17,476,"R2L",",1733 Parsonage Rd,"
"2023-05-23 12:05:54",28.28,"mph","media/images/speed-20230520-2319/speed-28-20230523-1205548.jpg",62,32,27,18,486,"L2R",",1733 Parsonage Rd,"
"2023-05-23 12:14:39",37.98,"mph","media/images/speed-20230520-2319/speed-38-20230523-1214393.jpg",53,31,46,19,874,"L2R",",1733 Parsonage Rd,"
"2023-05-23 12:31:06",27.73,"mph","media/images/speed-20230520-2319/speed-28-20230523-1231066.jpg",43,33,37,17,629,"R2L",",1733 Parsonage Rd,"
"2023-05-23 12:35:00",34.44,"mph","media/images/speed-20230520-2319/speed-34-20230523-1235007.jpg",51,32,26,18,468,"L2R",",1733 Parsonage Rd,"
"2023-05-23 12:36:05",27.14,"mph","media/images/speed-20230520-2319/speed-27-20230523-1236056.jpg",39,30,37,20,740,"R2L",",1733 Parsonage Rd,"
"2023-05-23 12:39:55",22.48,"mph","media/images/speed-20230520-2319/speed-22-20230523-1239559.jpg",39,19,46,31,1426,"R2L",",1733 Parsonage Rd,"
"2023-05-23 12:46:53",26.67,"mph","media/images/speed-20230520-2319/speed-27-20230523-1246533.jpg",60,34,22,16,352,"R2L",",1733 Parsonage Rd,"
"2023-05-23 12:46:59",31.34,"mph","media/images/speed-20230520-2319/speed-31-20230523-1246599.jpg",32,29,36,21,756,"R2L",",1733 Parsonage Rd,"
"2023-05-23 12:48:39",31.99,"mph","media/images/speed-20230520-2319/speed-32-20230523-1248390.jpg",76,15,47,35,1645,"L2R",",1733 Parsonage Rd,"
"2023-05-23 12:49:21",31.83,"mph","media/images/speed-20230520-2319/speed-32-20230523-1249218.jpg",27,30,63,20,1260,"R2L",",1733 Parsonage Rd,"
"2023-05-23 13:09:04",22.92,"mph","media/images/speed-20230520-2319/speed-23-20230523-1309047.jpg",68,30,25,20,500,"L2R",",1733 Parsonage Rd,"
"2023-05-23 13:22:34",26.56,"mph","media/images/speed-20230520-2319/speed-27-20230523-1322343.jpg",80,28,29,22,638,"L2R",",1733 Parsonage Rd,"
"2023-05-23 13:25:32",32.67,"mph","media/images/speed-20230520-2319/speed-33-20230523-1325322.jpg",92,30,33,20,660,"L2R",",1733 Parsonage Rd,"
"2023-05-23 13:37:32",36.44,"mph","media/images/speed-20230520-2319/speed-36-20230523-1337322.jpg",99,31,30,19,570,"L2R",",1733 Parsonage Rd,"
"2023-05-23 13:57:05",26.19,"mph","media/images/speed-20230520-2319/speed-26-20230523-1357058.jpg",46,31,31,19,589,"R2L",",1733 Parsonage Rd,"
"2023-05-23 14:06:37",35.22,"mph","media/images/speed-20230520-2319/speed-35-20230523-1406372.jpg",72,26,37,24,888,"L2R",",1733 Parsonage Rd,"
"2023-05-23 14:07:11",32.19,"mph","media/images/speed-20230520-2319/speed-32-20230523-1407118.jpg",33,32,59,18,1062,"R2L",",1733 Parsonage Rd,"
"2023-05-23 14:12:46",22.92,"mph","media/images/speed-20230520-2319/speed-23-20230523-1412465.jpg",59,32,30,18,540,"R2L",",1733 Parsonage Rd,"
"2023-05-23 14:12:51",26.29,"mph","media/images/speed-20230520-2319/speed-26-20230523-1412519.jpg",40,32,62,18,1116,"R2L",",1733 Parsonage Rd,"
"2023-05-23 14:14:33",31.71,"mph","media/images/speed-20230520-2319/speed-32-20230523-1414339.jpg",33,32,31,18,558,"R2L",",1733 Parsonage Rd,"
"2023-05-23 14:14:54",37.82,"mph","media/images/speed-20230520-2319/speed-38-20230523-1414545.jpg",99,26,37,24,888,"R2L",",1733 Parsonage Rd,"
"2023-05-23 14:16:18",38.99,"mph","media/images/speed-20230520-2319/speed-39-20230523-1416188.jpg",81,29,26,21,546,"L2R",",1733 Parsonage Rd,"
"2023-05-23 14:19:28",26.26,"mph","media/images/speed-20230520-2319/speed-26-20230523-1419283.jpg",46,31,31,19,589,"R2L",",1733 Parsonage Rd,"
"2023-05-23 14:22:20",21.45,"mph","media/images/speed-20230520-2319/speed-21-20230523-1422200.jpg",54,30,32,20,640,"R2L",",1733 Parsonage Rd,"
"2023-05-23 14:23:07",27.13,"mph","media/images/speed-20230520-2319/speed-27-20230523-1423079.jpg",92,27,27,23,621,"L2R",",1733 Parsonage Rd,"
"2023-05-23 14:23:42",30.92,"mph","media/images/speed-20230520-2319/speed-31-20230523-1423425.jpg",33,33,32,17,544,"R2L",",1733 Parsonage Rd,"
"2023-05-23 14:24:26",33.16,"mph","media/images/speed-20230520-2319/speed-33-20230523-1424267.jpg",27,29,32,21,672,"R2L",",1733 Parsonage Rd,"
"2023-05-23 14:25:05",36.36,"mph","media/images/speed-20230520-2319/speed-36-20230523-1425050.jpg",54,30,27,20,540,"L2R",",1733 Parsonage Rd,"
"2023-05-23 14:25:46",35.36,"mph","media/images/speed-20230520-2319/speed-35-20230523-1425467.jpg",69,37,31,13,403,"L2R",",1733 Parsonage Rd,"
"2023-05-23 14:54:10",27.16,"mph","media/images/speed-20230520-2319/speed-27-20230523-1454109.jpg",86,31,30,19,570,"L2R",",1733 Parsonage Rd,"
"2023-05-23 14:55:03",26.15,"mph","media/images/speed-20230520-2319/speed-26-20230523-1455033.jpg",73,21,33,29,957,"L2R",",1733 Parsonage Rd,"
"2023-05-23 14:55:21",28.85,"mph","media/images/speed-20230520-2319/speed-29-20230523-1455217.jpg",60,36,32,14,448,"L2R",",1733 Parsonage Rd,"
"2023-05-23 14:57:55",27.87,"mph","media/images/speed-20230520-2319/speed-28-20230523-1457558.jpg",28,32,29,18,522,"R2L",",1733 Parsonage Rd,"
"2023-05-23 14:58:09",30.40,"mph","media/images/speed-20230520-2319/speed-30-20230523-1458091.jpg",99,29,26,21,546,"L2R",",1733 Parsonage Rd,"
"2023-05-23 15:00:49",28.45,"mph","media/images/speed-20230520-2319/speed-28-20230523-1500491.jpg",41,32,30,18,540,"R2L",",1733 Parsonage Rd,"
"2023-05-23 15:07:33",22.76,"mph","media/images/speed-20230520-2319/speed-23-20230523-1507331.jpg",63,21,43,29,1247,"L2R",",1733 Parsonage Rd,"
"2023-05-23 15:09:57",26.58,"mph","media/images/speed-20230520-2319/speed-27-20230523-1509571.jpg",84,37,26,13,338,"L2R",",1733 Parsonage Rd,"
"2023-05-23 15:27:06",28.48,"mph","media/images/speed-20230520-2319/speed-28-20230523-1527060.jpg",46,34,27,16,432,"R2L",",1733 Parsonage Rd,"
"2023-05-23 15:28:42",30.53,"mph","media/images/speed-20230520-2319/speed-31-20230523-1528427.jpg",60,34,21,16,336,"R2L",",1733 Parsonage Rd,"
"2023-05-23 15:35:27",43.18,"mph","media/images/speed-20230520-2319/speed-43-20230523-1535275.jpg",74,31,31,19,589,"L2R",",1733 Parsonage Rd,"
"2023-05-23 15:39:52",13.86,"mph","media/images/speed-20230520-2319/speed-14-20230523-1539526.jpg",71,16,46,34,1564,"R2L",",1733 Parsonage Rd,"
"2023-05-23 15:44:14",22.78,"mph","media/images/speed-20230520-2319/speed-23-20230523-1544140.jpg",56,18,40,32,1280,"L2R",",1733 Parsonage Rd,"
"2023-05-23 15:46:34",23.90,"mph","media/images/speed-20230520-2319/speed-24-20230523-1546342.jpg",54,33,26,17,442,"R2L",",1733 Parsonage Rd,"
"2023-05-23 15:52:34",29.57,"mph","media/images/speed-20230520-2319/speed-30-20230523-1552340.jpg",41,30,30,20,600,"R2L",",1733 Parsonage Rd,"
"2023-05-23 15:53:21",32.42,"mph","media/images/speed-20230520-2319/speed-32-20230523-1553214.jpg",62,36,30,14,420,"R2L",",1733 Parsonage Rd,"
"2023-05-23 15:53:42",26.25,"mph","media/images/speed-20230520-2319/speed-26-20230523-1553422.jpg",72,13,43,37,1591,"L2R",",1733 Parsonage Rd,"
"2023-05-23 15:53:47",25.74,"mph","media/images/speed-20230520-2319/speed-26-20230523-1553474.jpg",55,33,31,17,527,"R2L",",1733 Parsonage Rd,"
"2023-05-23 15:56:39",26.55,"mph","media/images/speed-20230520-2319/speed-27-20230523-1556396.jpg",74,33,23,17,391,"L2R",",1733 Parsonage Rd,"
"2023-05-23 16:10:37",20.55,"mph","media/images/speed-20230520-2319/speed-21-20230523-1610371.jpg",39,27,45,23,1035,"R2L",",1733 Parsonage Rd,"
"2023-05-23 16:28:10",32.77,"mph","media/images/speed-20230520-2319/speed-33-20230523-1628105.jpg",34,36,33,14,462,"R2L",",1733 Parsonage Rd,"
"2023-05-23 16:31:41",25.69,"mph","media/images/speed-20230520-2319/speed-26-20230523-1631417.jpg",47,31,31,19,589,"R2L",",1733 Parsonage Rd,"
"2023-05-23 16:34:06",28.04,"mph","media/images/speed-20230520-2319/speed-28-20230523-1634069.jpg",40,33,27,17,459,"R2L",",1733 Parsonage Rd,"
"2023-05-23 16:53:03",27.09,"mph","media/images/speed-20230520-2319/speed-27-20230523-1653038.jpg",27,28,34,22,748,"R2L",",1733 Parsonage Rd,"
"2023-05-23 16:54:21",33.60,"mph","media/images/speed-20230520-2319/speed-34-20230523-1654212.jpg",82,32,22,18,396,"L2R",",1733 Parsonage Rd,"
"2023-05-23 16:56:15",26.15,"mph","media/images/speed-20230520-2319/speed-26-20230523-1656155.jpg",51,34,25,16,400,"R2L",",1733 Parsonage Rd,"
"2023-05-23 17:03:58",30.40,"mph","media/images/speed-20230520-2319/speed-30-20230523-1703589.jpg",37,33,32,17,544,"R2L",",1733 Parsonage Rd,"
"2023-05-23 17:06:37",25.19,"mph","media/images/speed-20230520-2319/speed-25-20230523-1706371.jpg",50,33,29,17,493,"R2L",",1733 Parsonage Rd,"
"2023-05-23 17:10:29",25.65,"mph","media/images/speed-20230520-2319/speed-26-20230523-1710295.jpg",50,34,27,16,432,"R2L",",1733 Parsonage Rd,"
"2023-05-23 17:15:03",30.79,"mph","media/images/speed-20230520-2319/speed-31-20230523-1715035.jpg",32,32,36,18,648,"R2L",",1733 Parsonage Rd,"
"2023-05-23 17:16:54",28.94,"mph","media/images/speed-20230520-2319/speed-29-20230523-1716542.jpg",36,31,35,19,665,"R2L",",1733 Parsonage Rd,"
"2023-05-23 17:17:17",30.41,"mph","media/images/speed-20230520-2319/speed-30-20230523-1717175.jpg",36,32,39,18,702,"R2L",",1733 Parsonage Rd,"
"2023-05-23 17:17:52",32.24,"mph","media/images/speed-20230520-2319/speed-32-20230523-1717523.jpg",35,33,28,17,476,"R2L",",1733 Parsonage Rd,"
"2023-05-23 17:19:45",34.07,"mph","media/images/speed-20230520-2319/speed-34-20230523-1719455.jpg",28,32,33,18,594,"R2L",",1733 Parsonage Rd,"
"2023-05-23 17:25:18",32.74,"mph","media/images/speed-20230520-2319/speed-33-20230523-1725185.jpg",28,31,30,19,570,"R2L",",1733 Parsonage Rd,"
"2023-05-23 17:32:19",28.89,"mph","media/images/speed-20230520-2319/speed-29-20230523-1732194.jpg",38,33,28,17,476,"R2L",",1733 Parsonage Rd,"
"2023-05-23 17:40:21",26.10,"mph","media/images/speed-20230520-2319/speed-26-20230523-1740211.jpg",28,32,51,18,918,"R2L",",1733 Parsonage Rd,"
"2023-05-23 17:47:14",24.27,"mph","media/images/speed-20230520-2319/speed-24-20230523-1747142.jpg",54,31,29,19,551,"R2L",",1733 Parsonage Rd,"
"2023-05-23 17:49:52",26.03,"mph","media/images/speed-20230520-2319/speed-26-20230523-1749527.jpg",49,32,24,18,432,"R2L",",1733 Parsonage Rd,"
"2023-05-23 18:05:33",32.67,"mph","media/images/speed-20230520-2319/speed-33-20230523-1805339.jpg",31,32,33,18,594,"R2L",",1733 Parsonage Rd,"
"2023-05-23 18:21:34",36.03,"mph","media/images/speed-20230520-2319/speed-36-20230523-1821343.jpg",89,32,36,18,648,"L2R",",1733 Parsonage Rd,"
"2023-05-23 18:50:25",26.16,"mph","media/images/speed-20230520-2319/speed-26-20230523-1850259.jpg",35,34,41,16,656,"R2L",",1733 Parsonage Rd,"
"2023-05-23 19:25:49",33.05,"mph","media/images/speed-20230520-2319/speed-33-20230523-1925498.jpg",90,35,32,15,480,"L2R",",1733 Parsonage Rd,"
"2023-05-23 19:45:56",49.49,"mph","media/images/speed-20230520-2319/speed-49-20230523-1945569.jpg",97,32,31,18,558,"L2R",",1733 Parsonage Rd,"
"2023-05-24 07:09:22",49.24,"mph","media/images/speed-20230520-2319/speed-49-20230524-0709225.jpg",95,0,17,50,850,"R2L",",1733 Parsonage Rd,"
"2023-05-24 07:09:27",34.33,"mph","media/images/speed-20230520-2319/speed-34-20230524-0709273.jpg",50,0,30,23,690,"L2R",",1733 Parsonage Rd,"
"2023-05-24 07:13:24",36.68,"mph","media/images/speed-20230520-2319/speed-37-20230524-0713243.jpg",70,11,28,18,504,"L2R",",1733 Parsonage Rd,"
"2023-05-24 07:13:45",34.09,"mph","media/images/speed-20230520-2319/speed-34-20230524-0713459.jpg",93,13,30,16,480,"L2R",",1733 Parsonage Rd,"
"2023-05-24 07:17:58",32.84,"mph","media/images/speed-20230520-2319/speed-33-20230524-0717582.jpg",94,10,29,19,551,"L2R",",1733 Parsonage Rd,"
"2023-05-24 07:18:35",36.23,"mph","media/images/speed-20230520-2319/speed-36-20230524-0718356.jpg",105,9,31,19,589,"L2R",",1733 Parsonage Rd,"
"2023-05-24 07:21:37",45.91,"mph","media/images/speed-20230520-2319/speed-46-20230524-0721378.jpg",86,10,26,18,468,"L2R",",1733 Parsonage Rd,"
"2023-05-24 07:30:54",33.81,"mph","media/images/speed-20230520-2319/speed-34-20230524-0730548.jpg",93,7,35,22,770,"L2R",",1733 Parsonage Rd,"
"2023-05-24 07:31:47",26.25,"mph","media/images/speed-20230520-2319/speed-26-20230524-0731478.jpg",83,10,19,20,380,"R2L",",1733 Parsonage Rd,"
"2023-05-24 08:13:54",35.91,"mph","media/images/speed-20230520-2319/speed-36-20230524-0813540.jpg",110,12,22,17,374,"L2R",",1733 Parsonage Rd,"
"2023-05-24 08:16:15",19.28,"mph","media/images/speed-20230520-2319/speed-19-20230524-0816156.jpg",71,10,26,19,494,"R2L",",1733 Parsonage Rd,"
"2023-05-24 08:16:17",19.61,"mph","media/images/speed-20230520-2319/speed-20-20230524-0816172.jpg",28,0,13,29,377,"R2L",",1733 Parsonage Rd,"
"2023-05-24 08:18:29",33.82,"mph","media/images/speed-20230520-2319/speed-34-20230524-0818297.jpg",89,12,34,19,646,"L2R",",1733 Parsonage Rd,"
"2023-05-24 08:21:58",26.01,"mph","media/images/speed-20230520-2319/speed-26-20230524-0821584.jpg",76,4,31,25,775,"L2R",",1733 Parsonage Rd,"
"2023-05-24 08:22:25",21.47,"mph","media/images/speed-20230520-2319/speed-21-20230524-0822254.jpg",60,12,28,19,532,"R2L",",1733 Parsonage Rd,"
"2023-05-24 08:22:44",28.99,"mph","media/images/speed-20230520-2319/speed-29-20230524-0822440.jpg",42,14,19,18,342,"R2L",",1733 Parsonage Rd,"
"2023-05-24 08:31:30",31.83,"mph","media/images/speed-20230520-2319/speed-32-20230524-0831301.jpg",87,0,44,29,1276,"L2R",",1733 Parsonage Rd,"
"2023-05-24 08:32:49",30.53,"mph","media/images/speed-20230520-2319/speed-31-20230524-0832495.jpg",76,11,28,17,476,"L2R",",1733 Parsonage Rd,"
"2023-05-24 08:33:31",36.20,"mph","media/images/speed-20230520-2319/speed-36-20230524-0833317.jpg",69,9,31,23,713,"L2R",",1733 Parsonage Rd,"
"2023-05-24 08:44:22",33.94,"mph","media/images/speed-20230520-2319/speed-34-20230524-0844226.jpg",91,9,38,20,760,"L2R",",1733 Parsonage Rd,"
"2023-05-24 08:44:26",43.81,"mph","media/images/speed-20230520-2319/speed-44-20230524-0844263.jpg",92,9,31,22,682,"L2R",",1733 Parsonage Rd,"
"2023-05-24 08:53:50",28.09,"mph","media/images/speed-20230520-2319/speed-28-20230524-0853500.jpg",77,5,39,25,975,"L2R",",1733 Parsonage Rd,"
"2023-05-24 08:58:11",33.66,"mph","media/images/speed-20230520-2319/speed-34-20230524-0858116.jpg",29,15,24,18,432,"R2L",",1733 Parsonage Rd,"
"2023-05-24 09:22:23",21.47,"mph","media/images/speed-20230520-2319/speed-21-20230524-0922232.jpg",46,0,40,32,1280,"R2L",",1733 Parsonage Rd,"
"2023-05-24 09:22:25",21.89,"mph","media/images/speed-20230520-2319/speed-22-20230524-0922253.jpg",47,10,37,22,814,"R2L",",1733 Parsonage Rd,"
"2023-05-24 09:22:30",21.56,"mph","media/images/speed-20230520-2319/speed-22-20230524-0922309.jpg",46,0,38,32,1216,"R2L",",1733 Parsonage Rd,"
"2023-05-24 09:33:19",47.14,"mph","media/images/speed-20230520-2319/speed-47-20230524-0933192.jpg",95,11,40,18,720,"R2L",",1733 Parsonage Rd,"
"2023-05-24 09:33:41",40.77,"mph","media/images/speed-20230520-2319/speed-41-20230524-0933412.jpg",69,10,65,21,1365,"R2L",",1733 Parsonage Rd,"
"2023-05-24 09:38:26",29.58,"mph","media/images/speed-20230520-2319/speed-30-20230524-0938260.jpg",58,13,25,18,450,"L2R",",1733 Parsonage Rd,"
"2023-05-24 09:38:49",41.03,"mph","media/images/speed-20230520-2319/speed-41-20230524-0938493.jpg",69,17,30,15,450,"L2R",",1733 Parsonage Rd,"
"2023-05-24 09:53:12",33.70,"mph","media/images/speed-20230520-2319/speed-34-20230524-0953127.jpg",25,12,20,20,400,"R2L",",1733 Parsonage Rd,"
"2023-05-24 10:07:20",28.34,"mph","media/images/speed-20230520-2319/speed-28-20230524-1007209.jpg",79,10,35,20,700,"L2R",",1733 Parsonage Rd,"
"2023-05-24 10:07:28",31.33,"mph","media/images/speed-20230520-2319/speed-31-20230524-1007286.jpg",83,8,35,22,770,"L2R",",1733 Parsonage Rd,"
"2023-05-24 10:10:39",26.15,"mph","media/images/speed-20230520-2319/speed-26-20230524-1010397.jpg",49,16,25,17,425,"R2L",",1733 Parsonage Rd,"
"2023-05-24 10:15:54",28.46,"mph","media/images/speed-20230520-2319/speed-28-20230524-1015541.jpg",76,11,23,20,460,"R2L",",1733 Parsonage Rd,"
"2023-05-24 10:20:58",29.35,"mph","media/images/speed-20230520-2319/speed-29-20230524-1020583.jpg",76,15,27,17,459,"R2L",",1733 Parsonage Rd,"
"2023-05-24 10:26:06",24.51,"mph","media/images/speed-20230520-2319/speed-25-20230524-1026064.jpg",87,14,20,18,360,"R2L",",1733 Parsonage Rd,"
"2023-05-24 10:28:01",27.49,"mph","media/images/speed-20230520-2319/speed-27-20230524-1028015.jpg",71,5,44,26,1144,"R2L",",1733 Parsonage Rd,"
"2023-05-24 10:36:11",40.45,"mph","media/images/speed-20230520-2319/speed-40-20230524-1036116.jpg",56,11,27,21,567,"R2L",",1733 Parsonage Rd,"
"2023-05-24 10:40:38",26.25,"mph","media/images/speed-20230520-2319/speed-26-20230524-1040386.jpg",74,10,31,20,620,"L2R",",1733 Parsonage Rd,"
"2023-05-24 10:50:05",38.66,"mph","media/images/speed-20230520-2319/speed-39-20230524-1050055.jpg",77,7,35,23,805,"L2R",",1733 Parsonage Rd,"
"2023-05-24 10:51:51",30.45,"mph","media/images/speed-20230520-2319/speed-30-20230524-1051517.jpg",57,12,22,20,440,"R2L",",1733 Parsonage Rd,"
"2023-05-24 10:59:26",24.25,"mph","media/images/speed-20230520-2319/speed-24-20230524-1059263.jpg",69,10,35,19,665,"L2R",",1733 Parsonage Rd,"
"2023-05-24 11:10:47",31.40,"mph","media/images/speed-20230520-2319/speed-31-20230524-1110476.jpg",67,8,24,22,528,"R2L",",1733 Parsonage Rd,"
"2023-05-24 11:11:01",28.68,"mph","media/images/speed-20230520-2319/speed-29-20230524-1111010.jpg",73,9,24,24,576,"R2L",",1733 Parsonage Rd,"
"2023-05-24 11:13:07",10.76,"mph","media/images/speed-20230520-2319/speed-11-20230524-1113076.jpg",61,4,29,26,754,"R2L",",1733 Parsonage Rd,"
"2023-05-24 11:18:24",38.89,"mph","media/images/speed-20230520-2319/speed-39-20230524-1118240.jpg",61,0,33,32,1056,"L2R",",1733 Parsonage Rd,"
"2023-05-24 11:21:30",30.29,"mph","media/images/speed-20230520-2319/speed-30-20230524-1121308.jpg",85,6,35,26,910,"L2R",",1733 Parsonage Rd,"
"2023-05-24 11:25:53",31.08,"mph","media/images/speed-20230520-2319/speed-31-20230524-1125534.jpg",68,10,26,20,520,"R2L",",1733 Parsonage Rd,"
"2023-05-24 11:27:05",42.81,"mph","media/images/speed-20230520-2319/speed-43-20230524-1127053.jpg",84,10,24,19,456,"L2R",",1733 Parsonage Rd,"
"2023-05-24 11:28:19",23.36,"mph","media/images/speed-20230520-2319/speed-23-20230524-1128198.jpg",67,5,62,26,1612,"L2R",",1733 Parsonage Rd,"
"2023-05-24 11:29:36",30.86,"mph","media/images/speed-20230520-2319/speed-31-20230524-1129361.jpg",21,15,22,17,374,"R2L",",1733 Parsonage Rd,"
"2023-05-24 11:36:21",25.45,"mph","media/images/speed-20230520-2319/speed-25-20230524-1136217.jpg",73,8,32,21,672,"L2R",",1733 Parsonage Rd,"
"2023-05-24 11:38:33",41.22,"mph","media/images/speed-20230520-2319/speed-41-20230524-1138331.jpg",88,14,33,17,561,"L2R",",1733 Parsonage Rd,"
"2023-05-24 11:45:39",35.71,"mph","media/images/speed-20230520-2319/speed-36-20230524-1145392.jpg",47,9,31,23,713,"R2L",",1733 Parsonage Rd,"
"2023-05-24 11:50:36",30.45,"mph","media/images/speed-20230520-2319/speed-30-20230524-1150361.jpg",67,10,28,21,588,"L2R",",1733 Parsonage Rd,"
"2023-05-24 11:56:41",31.69,"mph","media/images/speed-20230520-2319/speed-32-20230524-1156413.jpg",86,0,33,30,990,"L2R",",1733 Parsonage Rd,"
"2023-05-24 11:57:17",27.04,"mph","media/images/speed-20230520-2319/speed-27-20230524-1157178.jpg",74,11,22,18,396,"R2L",",1733 Parsonage Rd,"
"2023-05-24 11:57:57",33.63,"mph","media/images/speed-20230520-2319/speed-34-20230524-1157573.jpg",33,9,60,25,1500,"R2L",",1733 Parsonage Rd,"
"2023-05-24 12:00:24",26.58,"mph","media/images/speed-20230520-2319/speed-27-20230524-1200247.jpg",90,11,39,18,702,"L2R",",1733 Parsonage Rd,"
"2023-05-24 12:01:18",31.34,"mph","media/images/speed-20230520-2319/speed-31-20230524-1201182.jpg",38,10,60,23,1380,"R2L",",1733 Parsonage Rd,"
"2023-05-24 12:07:49",28.05,"mph","media/images/speed-20230520-2319/speed-28-20230524-1207494.jpg",38,0,33,32,1056,"R2L",",1733 Parsonage Rd,"
"2023-05-24 12:08:09",24.74,"mph","media/images/speed-20230520-2319/speed-25-20230524-1208093.jpg",70,11,63,19,1197,"L2R",",1733 Parsonage Rd,"
"2023-05-24 12:20:51",20.11,"mph","media/images/speed-20230520-2319/speed-20-20230524-1220518.jpg",85,8,40,23,920,"R2L",",1733 Parsonage Rd,"
"2023-05-24 12:36:20",32.83,"mph","media/images/speed-20230520-2319/speed-33-20230524-1236205.jpg",55,10,66,23,1518,"L2R",",1733 Parsonage Rd,"
"2023-05-24 12:46:21",26.98,"mph","media/images/speed-20230520-2319/speed-27-20230524-1246212.jpg",35,10,69,23,1587,"R2L",",1733 Parsonage Rd,"
"2023-05-24 12:50:21",21.90,"mph","media/images/speed-20230520-2319/speed-22-20230524-1250214.jpg",49,12,38,21,798,"R2L",",1733 Parsonage Rd,"
"2023-05-24 12:50:32",29.80,"mph","media/images/speed-20230520-2319/speed-30-20230524-1250325.jpg",43,9,33,23,759,"R2L",",1733 Parsonage Rd,"
"2023-05-24 12:56:09",26.19,"mph","media/images/speed-20230520-2319/speed-26-20230524-1256096.jpg",77,7,30,23,690,"L2R",",1733 Parsonage Rd,"
"2023-05-24 12:57:17",30.86,"mph","media/images/speed-20230520-2319/speed-31-20230524-1257178.jpg",31,9,59,25,1475,"R2L",",1733 Parsonage Rd,"
"2023-05-24 12:59:02",28.41,"mph","media/images/speed-20230520-2319/speed-28-20230524-1259029.jpg",26,12,62,20,1240,"R2L",",1733 Parsonage Rd,"
"2023-05-24 13:13:31",35.11,"mph","media/images/speed-20230520-2319/speed-35-20230524-1313315.jpg",36,10,28,24,672,"R2L",",1733 Parsonage Rd,"
"2023-05-24 13:15:40",28.06,"mph","media/images/speed-20230520-2319/speed-28-20230524-1315408.jpg",32,8,42,24,1008,"R2L",",1733 Parsonage Rd,"
"2023-05-24 13:17:05",19.79,"mph","media/images/speed-20230520-2319/speed-20-20230524-1317055.jpg",62,9,27,23,621,"L2R",",1733 Parsonage Rd,"
"2023-05-24 13:17:23",29.89,"mph","media/images/speed-20230520-2319/speed-30-20230524-1317232.jpg",33,11,35,20,700,"R2L",",1733 Parsonage Rd,"
"2023-05-24 13:24:53",31.32,"mph","media/images/speed-20230520-2319/speed-31-20230524-1324534.jpg",28,8,43,26,1118,"R2L",",1733 Parsonage Rd,"
"2023-05-24 13:26:03",24.32,"mph","media/images/speed-20230520-2319/speed-24-20230524-1326035.jpg",48,10,45,21,945,"R2L",",1733 Parsonage Rd,"
"2023-05-24 13:27:00",26.56,"mph","media/images/speed-20230520-2319/speed-27-20230524-1327003.jpg",74,4,61,26,1586,"L2R",",1733 Parsonage Rd,"
"2023-05-24 13:28:04",19.19,"mph","media/images/speed-20230520-2319/speed-19-20230524-1328042.jpg",62,9,31,22,682,"R2L",",1733 Parsonage Rd,"
"2023-05-24 13:31:25",27.12,"mph","media/images/speed-20230520-2319/speed-27-20230524-1331254.jpg",77,8,38,23,874,"L2R",",1733 Parsonage Rd,"
"2023-05-24 13:31:29",24.25,"mph","media/images/speed-20230520-2319/speed-24-20230524-1331295.jpg",69,0,37,31,1147,"L2R",",1733 Parsonage Rd,"
"2023-05-24 13:32:45",22.86,"mph","media/images/speed-20230520-2319/speed-23-20230524-1332452.jpg",57,12,29,19,551,"R2L",",1733 Parsonage Rd,"
"2023-05-24 13:37:44",26.27,"mph","media/images/speed-20230520-2319/speed-26-20230524-1337448.jpg",75,8,25,24,600,"L2R",",1733 Parsonage Rd,"
"2023-05-24 13:39:23",28.94,"mph","media/images/speed-20230520-2319/speed-29-20230524-1339239.jpg",99,6,35,24,840,"L2R",",1733 Parsonage Rd,"
"2023-05-24 13:39:50",34.00,"mph","media/images/speed-20230520-2319/speed-34-20230524-1339501.jpg",93,11,33,20,660,"L2R",",1733 Parsonage Rd,"
"2023-05-24 13:46:17",37.16,"mph","media/images/speed-20230520-2319/speed-37-20230524-1346178.jpg",56,10,30,20,600,"L2R",",1733 Parsonage Rd,"
"2023-05-24 13:47:00",21.46,"mph","media/images/speed-20230520-2319/speed-21-20230524-1347002.jpg",33,7,72,26,1872,"R2L",",1733 Parsonage Rd,"
"2023-05-24 13:51:18",30.42,"mph","media/images/speed-20230520-2319/speed-30-20230524-1351185.jpg",64,12,34,20,680,"L2R",",1733 Parsonage Rd,"
"2023-05-24 13:56:18",30.75,"mph","media/images/speed-20230520-2319/speed-31-20230524-1356189.jpg",74,6,30,26,780,"R2L",",1733 Parsonage Rd,"
"2023-05-24 13:56:55",25.40,"mph","media/images/speed-20230520-2319/speed-25-20230524-1356554.jpg",41,13,30,20,600,"R2L",",1733 Parsonage Rd,"
"2023-05-24 14:01:13",28.03,"mph","media/images/speed-20230520-2319/speed-28-20230524-1401137.jpg",46,11,32,21,672,"R2L",",1733 Parsonage Rd,"
"2023-05-24 14:05:03",31.34,"mph","media/images/speed-20230520-2319/speed-31-20230524-1405032.jpg",60,16,23,17,391,"R2L",",1733 Parsonage Rd,"
"2023-05-24 14:08:41",32.21,"mph","media/images/speed-20230520-2319/speed-32-20230524-1408419.jpg",26,11,65,20,1300,"R2L",",1733 Parsonage Rd,"
"2023-05-24 14:15:18",18.03,"mph","media/images/speed-20230520-2319/speed-18-20230524-1415182.jpg",36,0,61,32,1952,"R2L",",1733 Parsonage Rd,"
"2023-05-24 14:19:23",26.70,"mph","media/images/speed-20230520-2319/speed-27-20230524-1419235.jpg",77,0,39,32,1248,"L2R",",1733 Parsonage Rd,"
"2023-05-24 14:26:03",16.70,"mph","media/images/speed-20230520-2319/speed-17-20230524-1426039.jpg",52,0,60,30,1800,"L2R",",1733 Parsonage Rd,"
"2023-05-24 14:27:56",41.23,"mph","media/images/speed-20230520-2319/speed-41-20230524-1427567.jpg",62,13,26,20,520,"L2R",",1733 Parsonage Rd,"
"2023-05-24 14:40:34",28.82,"mph","media/images/speed-20230520-2319/speed-29-20230524-1440348.jpg",37,0,38,31,1178,"L2R",",1733 Parsonage Rd,"
"2023-05-24 14:41:21",26.89,"mph","media/images/speed-20230520-2319/speed-27-20230524-1441219.jpg",43,0,32,29,928,"L2R",",1733 Parsonage Rd,"
"2023-05-24 14:53:30",31.35,"mph","media/images/speed-20230520-2319/speed-31-20230524-1453303.jpg",41,15,27,16,432,"R2L",",1733 Parsonage Rd,"
"2023-05-24 15:03:53",31.11,"mph","media/images/speed-20230520-2319/speed-31-20230524-1503533.jpg",46,16,23,16,368,"R2L",",1733 Parsonage Rd,"
"2023-05-24 15:04:29",27.46,"mph","media/images/speed-20230520-2319/speed-27-20230524-1504296.jpg",58,0,53,31,1643,"L2R",",1733 Parsonage Rd,"
"2023-05-24 15:04:30",18.47,"mph","media/images/speed-20230520-2319/speed-18-20230524-1504306.jpg",106,13,26,16,416,"L2R",",1733 Parsonage Rd,"
"2023-05-24 15:10:39",32.32,"mph","media/images/speed-20230520-2319/speed-32-20230524-1510395.jpg",88,0,34,30,1020,"L2R",",1733 Parsonage Rd,"
"2023-05-24 15:13:48",39.63,"mph","media/images/speed-20230520-2319/speed-40-20230524-1513483.jpg",102,8,21,23,483,"L2R",",1733 Parsonage Rd,"
"2023-05-24 15:15:48",27.07,"mph","media/images/speed-20230520-2319/speed-27-20230524-1515481.jpg",96,10,27,21,567,"L2R",",1733 Parsonage Rd,"
"2023-05-24 15:23:40",26.55,"mph","media/images/speed-20230520-2319/speed-27-20230524-1523406.jpg",75,9,32,20,640,"R2L",",1733 Parsonage Rd,"
"2023-05-24 15:39:48",14.45,"mph","media/images/speed-20230520-2319/speed-14-20230524-1539483.jpg",46,0,24,31,744,"R2L",",1733 Parsonage Rd,"
"2023-05-24 15:44:03",31.04,"mph","media/images/speed-20230520-2319/speed-31-20230524-1544033.jpg",88,0,47,31,1457,"L2R",",1733 Parsonage Rd,"
"2023-05-24 15:50:34",29.39,"mph","media/images/speed-20230520-2319/speed-29-20230524-1550342.jpg",37,14,33,19,627,"R2L",",1733 Parsonage Rd,"
"2023-05-24 15:53:42",30.85,"mph","media/images/speed-20230520-2319/speed-31-20230524-1553427.jpg",89,0,44,31,1364,"L2R",",1733 Parsonage Rd,"
"2023-05-24 15:59:16",33.13,"mph","media/images/speed-20230520-2319/speed-33-20230524-1559163.jpg",28,14,32,20,640,"R2L",",1733 Parsonage Rd,"
"2023-05-24 16:02:39",14.05,"mph","media/images/speed-20230520-2319/speed-14-20230524-1602395.jpg",75,0,26,28,728,"R2L",",1733 Parsonage Rd,"
"2023-05-24 16:04:59",31.79,"mph","media/images/speed-20230520-2319/speed-32-20230524-1604590.jpg",22,16,65,17,1105,"R2L",",1733 Parsonage Rd,"
"2023-05-24 16:13:18",35.17,"mph","media/images/speed-20230520-2319/speed-35-20230524-1613186.jpg",21,13,34,21,714,"R2L",",1733 Parsonage Rd,"
"2023-05-24 16:16:28",26.91,"mph","media/images/speed-20230520-2319/speed-27-20230524-1616282.jpg",20,16,42,17,714,"R2L",",1733 Parsonage Rd,"
"2023-05-24 16:18:17",35.50,"mph","media/images/speed-20230520-2319/speed-35-20230524-1618174.jpg",20,16,61,18,1098,"R2L",",1733 Parsonage Rd,"
"2023-05-24 16:18:37",36.90,"mph","media/images/speed-20230520-2319/speed-37-20230524-1618374.jpg",21,13,33,20,660,"R2L",",1733 Parsonage Rd,"
"2023-05-24 16:20:30",29.40,"mph","media/images/speed-20230520-2319/speed-29-20230524-1620301.jpg",16,13,56,20,1120,"R2L",",1733 Parsonage Rd,"
"2023-05-24 16:30:13",37.39,"mph","media/images/speed-20230520-2319/speed-37-20230524-1630137.jpg",24,14,33,20,660,"R2L",",1733 Parsonage Rd,"
"2023-05-24 16:33:00",29.70,"mph","media/images/speed-20230520-2319/speed-30-20230524-1633003.jpg",37,16,33,18,594,"R2L",",1733 Parsonage Rd,"
"2023-05-24 16:37:18",32.62,"mph","media/images/speed-20230520-2319/speed-33-20230524-1637184.jpg",20,0,53,33,1749,"R2L",",1733 Parsonage Rd,"
"2023-05-24 16:40:03",25.36,"mph","media/images/speed-20230520-2319/speed-25-20230524-1640038.jpg",28,17,22,16,352,"R2L",",1733 Parsonage Rd,"
"2023-05-24 16:49:48",32.84,"mph","media/images/speed-20230520-2319/speed-33-20230524-1649485.jpg",30,13,33,18,594,"R2L",",1733 Parsonage Rd,"
"2023-05-24 17:10:19",34.51,"mph","media/images/speed-20230520-2319/speed-35-20230524-1710194.jpg",20,13,30,19,570,"R2L",",1733 Parsonage Rd,"
"2023-05-24 17:15:44",32.24,"mph","media/images/speed-20230520-2319/speed-32-20230524-1715444.jpg",38,12,26,20,520,"L2R",",1733 Parsonage Rd,"
"2023-05-24 17:16:00",24.21,"mph","media/images/speed-20230520-2319/speed-24-20230524-1716007.jpg",20,15,18,20,360,"R2L",",1733 Parsonage Rd,"
"2023-05-24 17:18:47",32.67,"mph","media/images/speed-20230520-2319/speed-33-20230524-1718472.jpg",23,14,37,20,740,"R2L",",1733 Parsonage Rd,"
"2023-05-24 17:21:04",34.03,"mph","media/images/speed-20230520-2319/speed-34-20230524-1721048.jpg",100,10,28,20,560,"L2R",",1733 Parsonage Rd,"
"2023-05-24 17:25:55",33.63,"mph","media/images/speed-20230520-2319/speed-34-20230524-1725558.jpg",26,13,32,22,704,"R2L",",1733 Parsonage Rd,"
"2023-05-24 17:28:38",35.42,"mph","media/images/speed-20230520-2319/speed-35-20230524-1728380.jpg",22,12,38,21,798,"R2L",",1733 Parsonage Rd,"
"2023-05-24 17:38:32",32.01,"mph","media/images/speed-20230520-2319/speed-32-20230524-1738323.jpg",86,11,29,19,551,"L2R",",1733 Parsonage Rd,"
"2023-05-24 17:44:44",23.42,"mph","media/images/speed-20230520-2319/speed-23-20230524-1744446.jpg",43,11,25,20,500,"L2R",",1733 Parsonage Rd,"
"2023-05-24 18:10:53",31.76,"mph","media/images/speed-20230520-2319/speed-32-20230524-1810537.jpg",92,8,33,23,759,"L2R",",1733 Parsonage Rd,"
"2023-05-24 18:40:06",24.26,"mph","media/images/speed-20230520-2319/speed-24-20230524-1840065.jpg",52,11,30,20,600,"R2L",",1733 Parsonage Rd,"
"2023-05-24 18:43:08",31.37,"mph","media/images/speed-20230520-2319/speed-31-20230524-1843088.jpg",92,8,33,21,693,"L2R",",1733 Parsonage Rd,"
"2023-05-24 18:44:34",19.19,"mph","media/images/speed-20230520-2319/speed-19-20230524-1844347.jpg",58,9,30,21,630,"R2L",",1733 Parsonage Rd,"
"2023-05-24 19:13:02",31.44,"mph","media/images/speed-20230520-2319/speed-31-20230524-1913027.jpg",20,19,30,14,420,"R2L",",1733 Parsonage Rd,"
"2023-05-24 19:34:49",15.51,"mph","media/images/speed-20230520-2319/speed-16-20230524-1934497.jpg",58,0,62,50,3100,"R2L",",1733 Parsonage Rd,"
"2023-05-24 20:09:04",31.68,"mph","media/images/speed-20230520-2319/speed-32-20230524-2009040.jpg",64,16,22,19,418,"R2L",",1733 Parsonage Rd,"
"2023-05-24 20:18:24",23.36,"mph","media/images/speed-20230520-2319/speed-23-20230524-2018246.jpg",55,16,27,19,513,"R2L",",1733 Parsonage Rd,"
"2023-05-24 23:23:43",26.66,"mph","media/images/speed-20230520-2319/speed-27-20230524-2323435.jpg",30,21,26,12,312,"R2L",",1733 Parsonage Rd,"
"2023-05-25 06:22:15",36.03,"mph","media/images/speed-20230520-2319/speed-36-20230525-0622158.jpg",98,11,38,23,874,"L2R",",1733 Parsonage Rd,"
"2023-05-25 06:56:37",37.19,"mph","media/images/speed-20230520-2319/speed-37-20230525-0656375.jpg",100,17,34,18,612,"L2R",",1733 Parsonage Rd,"
"2023-05-25 06:58:38",28.29,"mph","media/images/speed-20230520-2319/speed-28-20230525-0658381.jpg",80,17,33,19,627,"L2R",",1733 Parsonage Rd,"
"2023-05-25 07:03:58",28.56,"mph","media/images/speed-20230520-2319/speed-29-20230525-0703584.jpg",43,19,24,17,408,"R2L",",1733 Parsonage Rd,"
"2023-05-25 07:15:35",35.83,"mph","media/images/speed-20230520-2319/speed-36-20230525-0715353.jpg",106,17,27,16,432,"L2R",",1733 Parsonage Rd,"
"2023-05-25 07:23:17",30.92,"mph","media/images/speed-20230520-2319/speed-31-20230525-0723175.jpg",88,17,31,18,558,"L2R",",1733 Parsonage Rd,"
"2023-05-25 07:27:55",40.20,"mph","media/images/speed-20230520-2319/speed-40-20230525-0727550.jpg",101,17,25,17,425,"L2R",",1733 Parsonage Rd,"
"2023-05-25 07:32:25",38.30,"mph","media/images/speed-20230520-2319/speed-38-20230525-0732253.jpg",81,18,30,16,480,"L2R",",1733 Parsonage Rd,"
"2023-05-25 07:41:01",33.05,"mph","media/images/speed-20230520-2319/speed-33-20230525-0741015.jpg",88,16,35,20,700,"L2R",",1733 Parsonage Rd,"
"2023-05-25 08:13:49",45.71,"mph","media/images/speed-20230520-2319/speed-46-20230525-0813491.jpg",103,16,18,22,396,"L2R",",1733 Parsonage Rd,"
"2023-05-25 08:15:54",15.98,"mph","media/images/speed-20230520-2319/speed-16-20230525-0815549.jpg",105,0,12,32,384,"R2L",",1733 Parsonage Rd,"
"2023-05-25 08:21:23",19.69,"mph","media/images/speed-20230520-2319/speed-20-20230525-0821231.jpg",67,0,33,37,1221,"L2R",",1733 Parsonage Rd,"
"2023-05-25 08:25:48",34.19,"mph","media/images/speed-20230520-2319/speed-34-20230525-0825480.jpg",98,19,25,18,450,"L2R",",1733 Parsonage Rd,"
"2023-05-25 08:31:01",24.14,"mph","media/images/speed-20230520-2319/speed-24-20230525-0831019.jpg",71,0,43,37,1591,"L2R",",1733 Parsonage Rd,"
"2023-05-25 08:35:10",38.06,"mph","media/images/speed-20230520-2319/speed-38-20230525-0835101.jpg",82,18,18,20,360,"R2L",",1733 Parsonage Rd,"
"2023-05-25 08:45:57",17.65,"mph","media/images/speed-20230520-2319/speed-18-20230525-0845579.jpg",56,14,38,23,874,"L2R",",1733 Parsonage Rd,"
"2023-05-25 08:49:06",20.48,"mph","media/images/speed-20230520-2319/speed-20-20230525-0849065.jpg",47,10,38,28,1064,"R2L",",1733 Parsonage Rd,"
"2023-05-25 08:49:12",24.82,"mph","media/images/speed-20230520-2319/speed-25-20230525-0849124.jpg",43,12,35,27,945,"R2L",",1733 Parsonage Rd,"
"2023-05-25 08:52:52",18.64,"mph","media/images/speed-20230520-2319/speed-19-20230525-0852525.jpg",46,12,79,27,2133,"L2R",",1733 Parsonage Rd,"
"2023-05-25 08:53:50",31.31,"mph","media/images/speed-20230520-2319/speed-31-20230525-0853506.jpg",95,19,16,19,304,"L2R",",1733 Parsonage Rd,"
"2023-05-25 08:56:14",25.22,"mph","media/images/speed-20230520-2319/speed-25-20230525-0856148.jpg",85,23,26,14,364,"L2R",",1733 Parsonage Rd,"
"2023-05-25 09:06:47",21.89,"mph","media/images/speed-20230520-2319/speed-22-20230525-0906470.jpg",61,13,47,24,1128,"L2R",",1733 Parsonage Rd,"
"2023-05-25 09:16:13",35.08,"mph","media/images/speed-20230520-2319/speed-35-20230525-0916131.jpg",27,20,19,20,380,"R2L",",1733 Parsonage Rd,"
"2023-05-25 09:27:06",25.77,"mph","media/images/speed-20230520-2319/speed-26-20230525-0927061.jpg",100,11,28,25,700,"R2L",",1733 Parsonage Rd,"
"2023-05-25 09:32:44",23.23,"mph","media/images/speed-20230520-2319/speed-23-20230525-0932445.jpg",56,12,32,27,864,"L2R",",1733 Parsonage Rd,"
"2023-05-25 09:43:55",29.72,"mph","media/images/speed-20230520-2319/speed-30-20230525-0943551.jpg",66,16,25,23,575,"R2L",",1733 Parsonage Rd,"
"2023-05-25 09:47:15",26.73,"mph","media/images/speed-20230520-2319/speed-27-20230525-0947154.jpg",65,14,36,24,864,"L2R",",1733 Parsonage Rd,"
"2023-05-25 09:51:12",28.71,"mph","media/images/speed-20230520-2319/speed-29-20230525-0951127.jpg",90,17,35,20,700,"L2R",",1733 Parsonage Rd,"
"2023-05-25 09:56:07",32.66,"mph","media/images/speed-20230520-2319/speed-33-20230525-0956077.jpg",37,19,20,20,400,"R2L",",1733 Parsonage Rd,"
"2023-05-25 10:01:30",29.80,"mph","media/images/speed-20230520-2319/speed-30-20230525-1001305.jpg",34,14,52,26,1352,"R2L",",1733 Parsonage Rd,"
"2023-05-25 10:14:23",16.01,"mph","media/images/speed-20230520-2319/speed-16-20230525-1014239.jpg",55,18,33,21,693,"L2R",",1733 Parsonage Rd,"
"2023-05-25 10:15:36",25.01,"mph","media/images/speed-20230520-2319/speed-25-20230525-1015368.jpg",74,24,21,15,315,"R2L",",1733 Parsonage Rd,"
"2023-05-25 10:22:14",23.76,"mph","media/images/speed-20230520-2319/speed-24-20230525-1022149.jpg",49,22,25,18,450,"L2R",",1733 Parsonage Rd,"
"2023-05-25 10:23:10",32.74,"mph","media/images/speed-20230520-2319/speed-33-20230525-1023108.jpg",89,14,41,23,943,"L2R",",1733 Parsonage Rd,"
"2023-05-25 10:28:43",28.90,"mph","media/images/speed-20230520-2319/speed-29-20230525-1028435.jpg",91,15,37,21,777,"L2R",",1733 Parsonage Rd,"
"2023-05-25 10:33:45",27.12,"mph","media/images/speed-20230520-2319/speed-27-20230525-1033450.jpg",83,16,24,22,528,"R2L",",1733 Parsonage Rd,"
"2023-05-25 10:40:39",35.03,"mph","media/images/speed-20230520-2319/speed-35-20230525-1040394.jpg",70,18,31,20,620,"L2R",",1733 Parsonage Rd,"
"2023-05-25 10:42:21",23.02,"mph","media/images/speed-20230520-2319/speed-23-20230525-1042213.jpg",67,17,34,19,646,"L2R",",1733 Parsonage Rd,"
"2023-05-25 10:42:30",35.07,"mph","media/images/speed-20230520-2319/speed-35-20230525-1042305.jpg",19,9,34,32,1088,"R2L",",1733 Parsonage Rd,"
"2023-05-25 10:48:13",27.11,"mph","media/images/speed-20230520-2319/speed-27-20230525-1048131.jpg",78,5,33,32,1056,"L2R",",1733 Parsonage Rd,"
"2023-05-25 10:57:10",16.43,"mph","media/images/speed-20230520-2319/speed-16-20230525-1057104.jpg",20,13,28,27,756,"R2L",",1733 Parsonage Rd,"
"2023-05-25 10:58:58",20.56,"mph","media/images/speed-20230520-2319/speed-21-20230525-1058581.jpg",40,9,94,29,2726,"L2R",",1733 Parsonage Rd,"
"2023-05-25 11:36:00",29.87,"mph","media/images/speed-20230520-2319/speed-30-20230525-1136008.jpg",91,12,39,26,1014,"L2R",",1733 Parsonage Rd,"
"2023-05-25 11:37:52",28.02,"mph","media/images/speed-20230520-2319/speed-28-20230525-1137525.jpg",40,20,34,19,646,"R2L",",1733 Parsonage Rd,"
"2023-05-25 11:45:02",28.17,"mph","media/images/speed-20230520-2319/speed-28-20230525-1145027.jpg",77,16,31,22,682,"L2R",",1733 Parsonage Rd,"
"2023-05-25 11:48:36",29.92,"mph","media/images/speed-20230520-2319/speed-30-20230525-1148363.jpg",21,18,18,21,378,"L2R",",1733 Parsonage Rd,"
"2023-05-25 12:00:55",25.73,"mph","media/images/speed-20230520-2319/speed-26-20230525-1200554.jpg",41,19,62,19,1178,"R2L",",1733 Parsonage Rd,"
"2023-05-25 12:04:51",15.49,"mph","media/images/speed-20230520-2319/speed-15-20230525-1204516.jpg",42,10,57,27,1539,"R2L",",1733 Parsonage Rd,"
"2023-05-25 12:20:49",26.80,"mph","media/images/speed-20230520-2319/speed-27-20230525-1220497.jpg",25,19,53,22,1166,"R2L",",1733 Parsonage Rd,"
"2023-05-25 12:40:51",37.54,"mph","media/images/speed-20230520-2319/speed-38-20230525-1240511.jpg",70,10,53,26,1378,"R2L",",1733 Parsonage Rd,"
"2023-05-25 12:46:35",30.95,"mph","media/images/speed-20230520-2319/speed-31-20230525-1246354.jpg",23,9,64,28,1792,"R2L",",1733 Parsonage Rd,"
"2023-05-25 12:48:50",24.92,"mph","media/images/speed-20230520-2319/speed-25-20230525-1248505.jpg",73,18,29,21,609,"R2L",",1733 Parsonage Rd,"
"2023-05-25 12:51:53",26.63,"mph","media/images/speed-20230520-2319/speed-27-20230525-1251538.jpg",99,18,30,19,570,"L2R",",1733 Parsonage Rd,"
"2023-05-25 13:32:32",28.08,"mph","media/images/speed-20230520-2319/speed-28-20230525-1332323.jpg",33,12,36,25,900,"R2L",",1733 Parsonage Rd,"
"2023-05-25 13:38:02",25.60,"mph","media/images/speed-20230520-2319/speed-26-20230525-1338029.jpg",65,16,70,22,1540,"L2R",",1733 Parsonage Rd,"
"2023-05-25 13:47:52",30.59,"mph","media/images/speed-20230520-2319/speed-31-20230525-1347520.jpg",79,12,31,27,837,"L2R",",1733 Parsonage Rd,"
"2023-05-25 14:06:31",33.65,"mph","media/images/speed-20230520-2319/speed-34-20230525-1406319.jpg",98,14,31,23,713,"L2R",",1733 Parsonage Rd,"
"2023-05-25 14:10:15",44.61,"mph","media/images/speed-20230520-2319/speed-45-20230525-1410158.jpg",102,15,33,21,693,"L2R",",1733 Parsonage Rd,"
"2023-05-25 14:13:49",31.37,"mph","media/images/speed-20230520-2319/speed-31-20230525-1413496.jpg",37,18,32,21,672,"R2L",",1733 Parsonage Rd,"
"2023-05-25 14:17:48",26.85,"mph","media/images/speed-20230520-2319/speed-27-20230525-1417488.jpg",60,17,27,20,540,"L2R",",1733 Parsonage Rd,"
"2023-05-25 14:32:27",18.28,"mph","media/images/speed-20230520-2319/speed-18-20230525-1432276.jpg",56,8,40,31,1240,"L2R",",1733 Parsonage Rd,"
"2023-05-25 14:32:38",23.83,"mph","media/images/speed-20230520-2319/speed-24-20230525-1432388.jpg",68,5,37,32,1184,"L2R",",1733 Parsonage Rd,"
"2023-05-25 14:38:59",49.41,"mph","media/images/speed-20230520-2319/speed-49-20230525-1438593.jpg",63,21,29,18,522,"L2R",",1733 Parsonage Rd,"
"2023-05-25 14:46:41",31.16,"mph","media/images/speed-20230520-2319/speed-31-20230525-1446413.jpg",19,21,53,17,901,"R2L",",1733 Parsonage Rd,"
"2023-05-25 14:48:02",22.00,"mph","media/images/speed-20230520-2319/speed-22-20230525-1448028.jpg",101,16,25,21,525,"L2R",",1733 Parsonage Rd,"
"2023-05-25 14:57:38",21.90,"mph","media/images/speed-20230520-2319/speed-22-20230525-1457383.jpg",59,22,29,18,522,"R2L",",1733 Parsonage Rd,"
"2023-05-25 14:59:42",25.23,"mph","media/images/speed-20230520-2319/speed-25-20230525-1459421.jpg",79,23,23,16,368,"R2L",",1733 Parsonage Rd,"
"2023-05-25 15:04:15",17.84,"mph","media/images/speed-20230520-2319/speed-18-20230525-1504154.jpg",56,4,30,34,1020,"L2R",",1733 Parsonage Rd,"
"2023-05-25 15:08:02",38.89,"mph","media/images/speed-20230520-2319/speed-39-20230525-1508023.jpg",19,18,29,21,609,"R2L",",1733 Parsonage Rd,"
"2023-05-25 15:16:05",33.72,"mph","media/images/speed-20230520-2319/speed-34-20230525-1516055.jpg",87,12,35,27,945,"L2R",",1733 Parsonage Rd,"
"2023-05-25 15:39:47",16.38,"mph","media/images/speed-20230520-2319/speed-16-20230525-1539478.jpg",36,4,27,32,864,"R2L",",1733 Parsonage Rd,"
"2023-05-25 15:43:30",28.96,"mph","media/images/speed-20230520-2319/speed-29-20230525-1543300.jpg",67,18,23,20,460,"R2L",",1733 Parsonage Rd,"
"2023-05-25 15:44:39",26.58,"mph","media/images/speed-20230520-2319/speed-27-20230525-1544393.jpg",60,0,37,37,1369,"L2R",",1733 Parsonage Rd,"
"2023-05-25 15:44:46",16.18,"mph","media/images/speed-20230520-2319/speed-16-20230525-1544462.jpg",74,12,23,25,575,"R2L",",1733 Parsonage Rd,"
"2023-05-25 15:47:48",28.89,"mph","media/images/speed-20230520-2319/speed-29-20230525-1547485.jpg",95,16,30,22,660,"L2R",",1733 Parsonage Rd,"
"2023-05-25 15:53:20",18.58,"mph","media/images/speed-20230520-2319/speed-19-20230525-1553209.jpg",19,19,30,20,600,"R2L",",1733 Parsonage Rd,"
"2023-05-25 15:55:23",28.98,"mph","media/images/speed-20230520-2319/speed-29-20230525-1555234.jpg",75,0,44,38,1672,"L2R",",1733 Parsonage Rd,"
"2023-05-25 16:01:29",26.75,"mph","media/images/speed-20230520-2319/speed-27-20230525-1601295.jpg",33,17,37,21,777,"R2L",",1733 Parsonage Rd,"
"2023-05-25 16:14:10",28.93,"mph","media/images/speed-20230520-2319/speed-29-20230525-1614107.jpg",17,19,32,21,672,"R2L",",1733 Parsonage Rd,"
"2023-05-25 16:34:33",23.78,"mph","media/images/speed-20230520-2319/speed-24-20230525-1634332.jpg",45,5,33,33,1089,"R2L",",1733 Parsonage Rd,"
"2023-05-25 16:38:10",26.77,"mph","media/images/speed-20230520-2319/speed-27-20230525-1638100.jpg",20,18,54,19,1026,"L2R",",1733 Parsonage Rd,"
"2023-05-25 16:42:11",31.44,"mph","media/images/speed-20230520-2319/speed-31-20230525-1642112.jpg",89,0,38,38,1444,"L2R",",1733 Parsonage Rd,"
"2023-05-25 16:43:21",33.15,"mph","media/images/speed-20230520-2319/speed-33-20230525-1643210.jpg",31,19,64,21,1344,"R2L",",1733 Parsonage Rd,"
"2023-05-25 16:46:41",35.43,"mph","media/images/speed-20230520-2319/speed-35-20230525-1646411.jpg",25,20,33,20,660,"R2L",",1733 Parsonage Rd,"
"2023-05-25 17:00:36",32.15,"mph","media/images/speed-20230520-2319/speed-32-20230525-1700366.jpg",31,22,60,18,1080,"R2L",",1733 Parsonage Rd,"
"2023-05-25 17:11:02",26.66,"mph","media/images/speed-20230520-2319/speed-27-20230525-1711028.jpg",61,15,28,21,588,"L2R",",1733 Parsonage Rd,"
"2023-05-25 17:11:29",34.53,"mph","media/images/speed-20230520-2319/speed-35-20230525-1711292.jpg",24,25,32,15,480,"R2L",",1733 Parsonage Rd,"
"2023-05-25 17:13:00",35.69,"mph","media/images/speed-20230520-2319/speed-36-20230525-1713006.jpg",92,14,23,20,460,"L2R",",1733 Parsonage Rd,"
"2023-05-25 17:22:22",36.15,"mph","media/images/speed-20230520-2319/speed-36-20230525-1722223.jpg",17,19,32,21,672,"R2L",",1733 Parsonage Rd,"
"2023-05-25 17:22:45",27.55,"mph","media/images/speed-20230520-2319/speed-28-20230525-1722452.jpg",41,19,34,20,680,"R2L",",1733 Parsonage Rd,"
"2023-05-25 17:28:17",28.46,"mph","media/images/speed-20230520-2319/speed-28-20230525-1728177.jpg",83,13,40,22,880,"L2R",",1733 Parsonage Rd,"
"2023-05-25 17:29:52",39.52,"mph","media/images/speed-20230520-2319/speed-40-20230525-1729524.jpg",74,15,32,21,672,"L2R",",1733 Parsonage Rd,"
"2023-05-25 17:33:01",26.21,"mph","media/images/speed-20230520-2319/speed-26-20230525-1733013.jpg",18,18,56,21,1176,"R2L",",1733 Parsonage Rd,"
"2023-05-25 17:35:47",33.83,"mph","media/images/speed-20230520-2319/speed-34-20230525-1735475.jpg",57,18,24,18,432,"L2R",",1733 Parsonage Rd,"
"2023-05-25 17:35:54",23.56,"mph","media/images/speed-20230520-2319/speed-24-20230525-1735543.jpg",60,14,32,22,704,"L2R",",1733 Parsonage Rd,"
"2023-05-25 17:40:35",28.10,"mph","media/images/speed-20230520-2319/speed-28-20230525-1740352.jpg",65,18,24,19,456,"L2R",",1733 Parsonage Rd,"
"2023-05-25 17:42:15",27.63,"mph","media/images/speed-20230520-2319/speed-28-20230525-1742152.jpg",38,19,35,21,735,"R2L",",1733 Parsonage Rd,"
"2023-05-25 17:47:44",27.93,"mph","media/images/speed-20230520-2319/speed-28-20230525-1747443.jpg",43,24,20,15,300,"R2L",",1733 Parsonage Rd,"
"2023-05-25 17:55:49",33.68,"mph","media/images/speed-20230520-2319/speed-34-20230525-1755497.jpg",17,20,31,20,620,"R2L",",1733 Parsonage Rd,"
"2023-05-25 17:57:19",28.54,"mph","media/images/speed-20230520-2319/speed-29-20230525-1757195.jpg",37,20,33,20,660,"R2L",",1733 Parsonage Rd,"
"2023-05-25 17:59:46",29.84,"mph","media/images/speed-20230520-2319/speed-30-20230525-1759461.jpg",26,23,20,16,320,"R2L",",1733 Parsonage Rd,"
"2023-05-25 18:01:43",35.91,"mph","media/images/speed-20230520-2319/speed-36-20230525-1801437.jpg",18,21,61,20,1220,"R2L",",1733 Parsonage Rd,"
"2023-05-25 18:03:30",27.56,"mph","media/images/speed-20230520-2319/speed-28-20230525-1803306.jpg",43,22,29,17,493,"R2L",",1733 Parsonage Rd,"
"2023-05-25 18:05:36",36.28,"mph","media/images/speed-20230520-2319/speed-36-20230525-1805362.jpg",110,17,23,17,391,"L2R",",1733 Parsonage Rd,"
"2023-05-25 18:10:09",22.92,"mph","media/images/speed-20230520-2319/speed-23-20230525-1810091.jpg",63,19,29,19,551,"L2R",",1733 Parsonage Rd,"
"2023-05-25 18:11:10",27.97,"mph","media/images/speed-20230520-2319/speed-28-20230525-1811104.jpg",69,17,20,21,420,"L2R",",1733 Parsonage Rd,"
"2023-05-25 18:12:07",29.05,"mph","media/images/speed-20230520-2319/speed-29-20230525-1812074.jpg",74,15,20,21,420,"L2R",",1733 Parsonage Rd,"
"2023-05-25 18:14:24",29.51,"mph","media/images/speed-20230520-2319/speed-30-20230525-1814248.jpg",26,22,29,17,493,"R2L",",1733 Parsonage Rd,"
"2023-05-25 18:18:58",27.56,"mph","media/images/speed-20230520-2319/speed-28-20230525-1818580.jpg",47,4,29,33,957,"L2R",",1733 Parsonage Rd,"
"2023-05-25 18:19:22",30.15,"mph","media/images/speed-20230520-2319/speed-30-20230525-1819228.jpg",67,14,40,21,840,"L2R",",1733 Parsonage Rd,"
"2023-05-25 18:31:33",31.94,"mph","media/images/speed-20230520-2319/speed-32-20230525-1831332.jpg",90,7,35,28,980,"L2R",",1733 Parsonage Rd,"
"2023-05-25 19:10:44",23.80,"mph","media/images/speed-20230520-2319/speed-24-20230525-1910442.jpg",80,15,34,19,646,"R2L",",1733 Parsonage Rd,"
"2023-05-25 19:17:49",26.99,"mph","media/images/speed-20230520-2319/speed-27-20230525-1917497.jpg",75,17,24,19,456,"R2L",",1733 Parsonage Rd,"
"2023-05-25 20:13:40",30.33,"mph","media/images/speed-20230520-2319/speed-30-20230525-2013405.jpg",98,18,26,17,442,"L2R",",1733 Parsonage Rd,"
"2023-05-26 05:20:23",24.39,"mph","media/images/speed-20230520-2319/speed-24-20230526-0520237.jpg",99,17,27,12,324,"L2R",",1733 Parsonage Rd,"
"2023-05-26 06:32:51",19.09,"mph","media/images/speed-20230520-2319/speed-19-20230526-0632514.jpg",66,19,23,16,368,"R2L",",1733 Parsonage Rd,"
"2023-05-26 06:33:51",33.86,"mph","media/images/speed-20230520-2319/speed-34-20230526-0633512.jpg",97,17,34,18,612,"L2R",",1733 Parsonage Rd,"
"2023-05-26 06:52:48",33.41,"mph","media/images/speed-20230520-2319/speed-33-20230526-0652489.jpg",94,17,33,18,594,"L2R",",1733 Parsonage Rd,"
"2023-05-26 06:54:23",31.27,"mph","media/images/speed-20230520-2319/speed-31-20230526-0654238.jpg",92,12,37,22,814,"L2R",",1733 Parsonage Rd,"
"2023-05-26 07:11:33",33.10,"mph","media/images/speed-20230520-2319/speed-33-20230526-0711339.jpg",105,17,26,15,390,"L2R",",1733 Parsonage Rd,"
"2023-05-26 07:52:13",27.96,"mph","media/images/speed-20230520-2319/speed-28-20230526-0752138.jpg",82,18,33,19,627,"L2R",",1733 Parsonage Rd,"
"2023-05-26 08:04:26",29.05,"mph","media/images/speed-20230520-2319/speed-29-20230526-0804265.jpg",86,20,32,17,544,"L2R",",1733 Parsonage Rd,"
"2023-05-26 08:14:26",29.97,"mph","media/images/speed-20230520-2319/speed-30-20230526-0814263.jpg",91,17,35,20,700,"L2R",",1733 Parsonage Rd,"
"2023-05-26 08:15:19",24.23,"mph","media/images/speed-20230520-2319/speed-24-20230526-0815198.jpg",50,22,27,17,459,"R2L",",1733 Parsonage Rd,"
"2023-05-26 08:15:20",25.67,"mph","media/images/speed-20230520-2319/speed-26-20230526-0815208.jpg",32,4,13,32,416,"R2L",",1733 Parsonage Rd,"
"2023-05-26 08:20:57",20.07,"mph","media/images/speed-20230520-2319/speed-20-20230526-0820575.jpg",55,0,31,38,1178,"L2R",",1733 Parsonage Rd,"
"2023-05-26 08:21:29",24.13,"mph","media/images/speed-20230520-2319/speed-24-20230526-0821297.jpg",86,16,24,20,480,"R2L",",1733 Parsonage Rd,"
"2023-05-26 08:26:02",11.53,"mph","media/images/speed-20230520-2319/speed-12-20230526-0826023.jpg",44,19,41,18,738,"L2R",",1733 Parsonage Rd,"
"2023-05-26 08:26:45",26.79,"mph","media/images/speed-20230520-2319/speed-27-20230526-0826458.jpg",76,11,29,27,783,"R2L",",1733 Parsonage Rd,"
"2023-05-26 08:29:02",33.56,"mph","media/images/speed-20230520-2319/speed-34-20230526-0829027.jpg",86,19,17,19,323,"R2L",",1733 Parsonage Rd,"
"2023-05-26 08:30:25",24.01,"mph","media/images/speed-20230520-2319/speed-24-20230526-0830250.jpg",68,0,43,37,1591,"L2R",",1733 Parsonage Rd,"
"2023-05-26 08:31:29",29.58,"mph","media/images/speed-20230520-2319/speed-30-20230526-0831292.jpg",92,16,39,20,780,"L2R",",1733 Parsonage Rd,"
"2023-05-26 08:31:31",43.52,"mph","media/images/speed-20230520-2319/speed-44-20230526-0831314.jpg",83,15,40,22,880,"L2R",",1733 Parsonage Rd,"
"2023-05-26 08:37:56",46.93,"mph","media/images/speed-20230520-2319/speed-47-20230526-0837560.jpg",71,15,33,24,792,"L2R",",1733 Parsonage Rd,"
"2023-05-26 08:40:41",38.34,"mph","media/images/speed-20230520-2319/speed-38-20230526-0840410.jpg",81,18,18,20,360,"R2L",",1733 Parsonage Rd,"
"2023-05-26 08:46:25",20.97,"mph","media/images/speed-20230520-2319/speed-21-20230526-0846252.jpg",61,12,40,26,1040,"L2R",",1733 Parsonage Rd,"
"2023-05-26 08:47:22",30.32,"mph","media/images/speed-20230520-2319/speed-30-20230526-0847226.jpg",27,17,39,24,936,"R2L",",1733 Parsonage Rd,"
"2023-05-26 08:49:23",26.23,"mph","media/images/speed-20230520-2319/speed-26-20230526-0849239.jpg",36,9,39,30,1170,"R2L",",1733 Parsonage Rd,"
"2023-05-26 08:49:27",24.72,"mph","media/images/speed-20230520-2319/speed-25-20230526-0849271.jpg",38,17,38,23,874,"R2L",",1733 Parsonage Rd,"
"2023-05-26 08:55:28",35.21,"mph","media/images/speed-20230520-2319/speed-35-20230526-0855285.jpg",114,17,18,20,360,"L2R",",1733 Parsonage Rd,"
"2023-05-26 08:56:48",26.19,"mph","media/images/speed-20230520-2319/speed-26-20230526-0856483.jpg",52,19,21,20,420,"R2L",",1733 Parsonage Rd,"
"2023-05-26 08:57:21",25.29,"mph","media/images/speed-20230520-2319/speed-25-20230526-0857214.jpg",19,14,56,25,1400,"L2R",",1733 Parsonage Rd,"
"2023-05-26 08:57:38",29.07,"mph","media/images/speed-20230520-2319/speed-29-20230526-0857389.jpg",47,18,15,20,300,"R2L",",1733 Parsonage Rd,"
"2023-05-26 09:04:07",38.73,"mph","media/images/speed-20230520-2319/speed-39-20230526-0904077.jpg",65,15,65,24,1560,"R2L",",1733 Parsonage Rd,"
"2023-05-26 09:14:26",16.98,"mph","media/images/speed-20230520-2319/speed-17-20230526-0914267.jpg",48,11,81,28,2268,"L2R",",1733 Parsonage Rd,"
"2023-05-26 09:16:41",35.62,"mph","media/images/speed-20230520-2319/speed-36-20230526-0916419.jpg",25,20,19,20,380,"R2L",",1733 Parsonage Rd,"
"2023-05-26 09:31:03",39.28,"mph","media/images/speed-20230520-2319/speed-39-20230526-0931038.jpg",106,18,28,19,532,"L2R",",1733 Parsonage Rd,"
"2023-05-26 09:45:10",25.89,"mph","media/images/speed-20230520-2319/speed-26-20230526-0945101.jpg",78,21,25,16,400,"L2R",",1733 Parsonage Rd,"
"2023-05-26 09:47:44",26.27,"mph","media/images/speed-20230520-2319/speed-26-20230526-0947448.jpg",49,18,23,20,460,"R2L",",1733 Parsonage Rd,"
"2023-05-26 09:48:10",37.46,"mph","media/images/speed-20230520-2319/speed-37-20230526-0948102.jpg",20,22,21,18,378,"R2L",",1733 Parsonage Rd,"
"2023-05-26 09:53:31",20.49,"mph","media/images/speed-20230520-2319/speed-20-20230526-0953315.jpg",91,15,25,21,525,"R2L",",1733 Parsonage Rd,"
"2023-05-26 09:55:02",19.11,"mph","media/images/speed-20230520-2319/speed-19-20230526-0955027.jpg",99,15,26,20,520,"R2L",",1733 Parsonage Rd,"
"2023-05-26 09:56:22",31.30,"mph","media/images/speed-20230520-2319/speed-31-20230526-0956223.jpg",25,8,35,32,1120,"R2L",",1733 Parsonage Rd,"
"2023-05-26 10:06:54",32.39,"mph","media/images/speed-20230520-2319/speed-32-20230526-1006549.jpg",91,16,35,21,735,"L2R",",1733 Parsonage Rd,"
"2023-05-26 10:35:19",24.76,"mph","media/images/speed-20230520-2319/speed-25-20230526-1035191.jpg",66,15,36,23,828,"L2R",",1733 Parsonage Rd,"
"2023-05-26 10:37:51",29.45,"mph","media/images/speed-20230520-2319/speed-29-20230526-1037510.jpg",77,13,39,24,936,"L2R",",1733 Parsonage Rd,"
"2023-05-26 10:41:03",28.71,"mph","media/images/speed-20230520-2319/speed-29-20230526-1041034.jpg",21,24,30,16,480,"L2R",",1733 Parsonage Rd,"
"2023-05-26 10:44:15",28.51,"mph","media/images/speed-20230520-2319/speed-29-20230526-1044150.jpg",46,24,24,15,360,"R2L",",1733 Parsonage Rd,"
"2023-05-26 10:49:10",40.53,"mph","media/images/speed-20230520-2319/speed-41-20230526-1049101.jpg",66,14,66,25,1650,"L2R",",1733 Parsonage Rd,"
"2023-05-26 10:57:48",43.12,"mph","media/images/speed-20230520-2319/speed-43-20230526-1057484.jpg",87,13,35,25,875,"L2R",",1733 Parsonage Rd,"
"2023-05-26 11:06:33",31.60,"mph","media/images/speed-20230520-2319/speed-32-20230526-1106332.jpg",92,17,36,20,720,"L2R",",1733 Parsonage Rd,"
"2023-05-26 11:11:14",19.75,"mph","media/images/speed-20230520-2319/speed-20-20230526-1111148.jpg",35,0,42,39,1638,"R2L",",1733 Parsonage Rd,"
"2023-05-26 11:15:56",23.29,"mph","media/images/speed-20230520-2319/speed-23-20230526-1115566.jpg",73,18,21,20,420,"R2L",",1733 Parsonage Rd,"
"2023-05-26 11:18:38",31.15,"mph","media/images/speed-20230520-2319/speed-31-20230526-1118380.jpg",63,17,25,22,550,"R2L",",1733 Parsonage Rd,"
"2023-05-26 11:20:41",27.02,"mph","media/images/speed-20230520-2319/speed-27-20230526-1120413.jpg",71,16,24,20,480,"R2L",",1733 Parsonage Rd,"
"2023-05-26 11:25:09",29.90,"mph","media/images/speed-20230520-2319/speed-30-20230526-1125098.jpg",84,15,35,21,735,"L2R",",1733 Parsonage Rd,"
"2023-05-26 11:28:08",25.38,"mph","media/images/speed-20230520-2319/speed-25-20230526-1128085.jpg",69,0,48,38,1824,"L2R",",1733 Parsonage Rd,"
"2023-05-26 11:31:37",32.28,"mph","media/images/speed-20230520-2319/speed-32-20230526-1131370.jpg",98,15,35,22,770,"L2R",",1733 Parsonage Rd,"
"2023-05-26 11:40:22",26.65,"mph","media/images/speed-20230520-2319/speed-27-20230526-1140220.jpg",18,13,58,27,1566,"R2L",",1733 Parsonage Rd,"
"2023-05-26 11:42:01",18.31,"mph","media/images/speed-20230520-2319/speed-18-20230526-1142013.jpg",47,9,61,29,1769,"L2R",",1733 Parsonage Rd,"
"2023-05-26 11:42:12",15.19,"mph","media/images/speed-20230520-2319/speed-15-20230526-1142125.jpg",49,17,31,20,620,"L2R",",1733 Parsonage Rd,"
"2023-05-26 11:42:13",15.86,"mph","media/images/speed-20230520-2319/speed-16-20230526-1142135.jpg",109,14,26,20,520,"L2R",",1733 Parsonage Rd,"
"2023-05-26 11:45:26",22.14,"mph","media/images/speed-20230520-2319/speed-22-20230526-1145267.jpg",57,15,68,23,1564,"L2R",",1733 Parsonage Rd,"
"2023-05-26 11:45:28",21.94,"mph","media/images/speed-20230520-2319/speed-22-20230526-1145283.jpg",63,14,61,25,1525,"L2R",",1733 Parsonage Rd,"
"2023-05-26 11:45:53",31.35,"mph","media/images/speed-20230520-2319/speed-31-20230526-1145530.jpg",89,15,31,22,682,"L2R",",1733 Parsonage Rd,"
"2023-05-26 11:53:57",28.40,"mph","media/images/speed-20230520-2319/speed-28-20230526-1153572.jpg",81,21,29,17,493,"R2L",",1733 Parsonage Rd,"
"2023-05-26 11:54:15",27.10,"mph","media/images/speed-20230520-2319/speed-27-20230526-1154151.jpg",20,21,60,18,1080,"R2L",",1733 Parsonage Rd,"
"2023-05-26 11:58:05",33.81,"mph","media/images/speed-20230520-2319/speed-34-20230526-1158051.jpg",75,13,50,23,1150,"R2L",",1733 Parsonage Rd,"
"2023-05-26 12:07:53",27.36,"mph","media/images/speed-20230520-2319/speed-27-20230526-1207534.jpg",84,17,36,21,756,"L2R",",1733 Parsonage Rd,"
"2023-05-26 12:40:24",31.28,"mph","media/images/speed-20230520-2319/speed-31-20230526-1240245.jpg",67,16,23,20,460,"R2L",",1733 Parsonage Rd,"
"2023-05-26 12:46:54",26.16,"mph","media/images/speed-20230520-2319/speed-26-20230526-1246541.jpg",52,18,31,20,620,"R2L",",1733 Parsonage Rd,"
"2023-05-26 12:50:54",32.44,"mph","media/images/speed-20230520-2319/speed-32-20230526-1250541.jpg",56,17,22,18,396,"R2L",",1733 Parsonage Rd,"
"2023-05-26 12:54:22",31.73,"mph","media/images/speed-20230520-2319/speed-32-20230526-1254228.jpg",66,15,27,23,621,"R2L",",1733 Parsonage Rd,"
"2023-05-26 13:00:50",26.28,"mph","media/images/speed-20230520-2319/speed-26-20230526-1300504.jpg",18,18,52,23,1196,"R2L",",1733 Parsonage Rd,"
